"","x"
"1","gs://cmip6/CMIP6/CMIP/CNRM-CERFACS/CNRM-CM6-1/1pctCO2/r1i1p1f2/Amon/rsds/gr/v20180626/"
"2","gs://cmip6/CMIP6/ScenarioMIP/NOAA-GFDL/GFDL-CM4/ssp585/r1i1p1f1/Amon/rsds/gr1/v20180701/"
"3","gs://cmip6/CMIP6/CMIP/NOAA-GFDL/GFDL-ESM4/abrupt-4xCO2/r1i1p1f1/Amon/rsds/gr1/v20180701/"
"4","gs://cmip6/CMIP6/ScenarioMIP/NOAA-GFDL/GFDL-CM4/ssp245/r1i1p1f1/Amon/rsds/gr1/v20180701/"
"5","gs://cmip6/CMIP6/CMIP/NOAA-GFDL/GFDL-ESM4/1pctCO2/r1i1p1f1/Amon/rsds/gr1/v20180701/"
"6","gs://cmip6/CMIP6/CMIP/NOAA-GFDL/GFDL-ESM4/esm-hist/r1i1p1f1/Amon/rsds/gr1/v20180701/"
"7","gs://cmip6/CMIP6/ScenarioMIP/NOAA-GFDL/GFDL-ESM4/ssp119/r1i1p1f1/Amon/rsds/gr1/v20180701/"
"8","gs://cmip6/CMIP6/ScenarioMIP/NOAA-GFDL/GFDL-ESM4/ssp370/r1i1p1f1/Amon/rsds/gr1/v20180701/"
"9","gs://cmip6/CMIP6/ScenarioMIP/NOAA-GFDL/GFDL-ESM4/ssp245/r1i1p1f1/Amon/rsds/gr1/v20180701/"
"10","gs://cmip6/CMIP6/ScenarioMIP/NOAA-GFDL/GFDL-ESM4/ssp126/r1i1p1f1/Amon/rsds/gr1/v20180701/"
"11","gs://cmip6/CMIP6/CMIP/NOAA-GFDL/GFDL-CM4/1pctCO2/r1i1p1f1/Amon/rsds/gr1/v20180701/"
"12","gs://cmip6/CMIP6/ScenarioMIP/NOAA-GFDL/GFDL-ESM4/ssp585/r1i1p1f1/Amon/rsds/gr1/v20180701/"
"13","gs://cmip6/CMIP6/CMIP/NOAA-GFDL/GFDL-CM4/abrupt-4xCO2/r1i1p1f1/Amon/rsds/gr1/v20180701/"
"14","gs://cmip6/CMIP6/CMIP/CNRM-CERFACS/CNRM-CM6-1/abrupt-4xCO2/r1i1p1f2/Amon/rsds/gr/v20180705/"
"15","gs://cmip6/CMIP6/CMIP/IPSL/IPSL-CM6A-LR/1pctCO2/r1i1p1f1/Amon/rsds/gr/v20180727/"
"16","gs://cmip6/CMIP6/CMIP/NASA-GISS/GISS-E2-1-G/1pctCO2/r1i1p1f1/Amon/rsds/gn/v20180905/"
"17","gs://cmip6/CMIP6/CMIP/IPSL/IPSL-CM6A-LR/abrupt-4xCO2/r5i1p1f1/Amon/rsds/gr/v20180914/"
"18","gs://cmip6/CMIP6/CMIP/IPSL/IPSL-CM6A-LR/abrupt-4xCO2/r11i1p1f1/Amon/rsds/gr/v20180914/"
"19","gs://cmip6/CMIP6/CMIP/IPSL/IPSL-CM6A-LR/abrupt-4xCO2/r6i1p1f1/Amon/rsds/gr/v20180914/"
"20","gs://cmip6/CMIP6/CMIP/IPSL/IPSL-CM6A-LR/abrupt-4xCO2/r7i1p1f1/Amon/rsds/gr/v20180914/"
"21","gs://cmip6/CMIP6/CMIP/IPSL/IPSL-CM6A-LR/abrupt-4xCO2/r8i1p1f1/Amon/rsds/gr/v20180914/"
"22","gs://cmip6/CMIP6/CMIP/IPSL/IPSL-CM6A-LR/abrupt-4xCO2/r12i1p1f1/Amon/rsds/gr/v20180914/"
"23","gs://cmip6/CMIP6/CMIP/IPSL/IPSL-CM6A-LR/abrupt-4xCO2/r10i1p1f1/Amon/rsds/gr/v20180914/"
"24","gs://cmip6/CMIP6/CMIP/IPSL/IPSL-CM6A-LR/abrupt-4xCO2/r3i1p1f1/Amon/rsds/gr/v20180914/"
"25","gs://cmip6/CMIP6/CMIP/IPSL/IPSL-CM6A-LR/abrupt-4xCO2/r2i1p1f1/Amon/rsds/gr/v20180914/"
"26","gs://cmip6/CMIP6/CMIP/IPSL/IPSL-CM6A-LR/abrupt-4xCO2/r9i1p1f1/Amon/rsds/gr/v20180914/"
"27","gs://cmip6/CMIP6/CMIP/IPSL/IPSL-CM6A-LR/abrupt-4xCO2/r4i1p1f1/Amon/rsds/gr/v20180914/"
"28","gs://cmip6/CMIP6/CMIP/NASA-GISS/GISS-E2-1-G/abrupt-4xCO2/r1i1p1f1/Amon/rsds/gn/v20181002/"
"29","gs://cmip6/CMIP6/CMIP/CNRM-CERFACS/CNRM-CM6-1/abrupt-4xCO2/r6i1p1f2/Amon/rsds/gr/v20181012/"
"30","gs://cmip6/CMIP6/CMIP/CNRM-CERFACS/CNRM-CM6-1/abrupt-4xCO2/r5i1p1f2/Amon/rsds/gr/v20181012/"
"31","gs://cmip6/CMIP6/CMIP/CNRM-CERFACS/CNRM-CM6-1/abrupt-4xCO2/r4i1p1f2/Amon/rsds/gr/v20181012/"
"32","gs://cmip6/CMIP6/CMIP/CNRM-CERFACS/CNRM-CM6-1/abrupt-4xCO2/r3i1p1f2/Amon/rsds/gr/v20181012/"
"33","gs://cmip6/CMIP6/CMIP/CNRM-CERFACS/CNRM-CM6-1/abrupt-4xCO2/r2i1p1f2/Amon/rsds/gr/v20181012/"
"34","gs://cmip6/CMIP6/CMIP/CNRM-CERFACS/CNRM-ESM2-1/1pctCO2/r1i1p1f2/Amon/rsds/gr/v20181018/"
"35","gs://cmip6/CMIP6/CMIP/CNRM-CERFACS/CNRM-ESM2-1/abrupt-4xCO2/r1i1p1f2/Amon/rsds/gr/v20181026/"
"36","gs://cmip6/CMIP6/CMIP/CNRM-CERFACS/CNRM-ESM2-1/1pctCO2/r2i1p1f2/Amon/rsds/gr/v20181031/"
"37","gs://cmip6/CMIP6/CMIP/CNRM-CERFACS/CNRM-ESM2-1/abrupt-4xCO2/r2i1p1f2/Amon/rsds/gr/v20181106/"
"38","gs://cmip6/CMIP6/CMIP/CNRM-CERFACS/CNRM-ESM2-1/1pctCO2/r3i1p1f2/Amon/rsds/gr/v20181107/"
"39","gs://cmip6/CMIP6/CMIP/IPSL/IPSL-CM6A-LR/abrupt-4xCO2/r1i1p1f1/Amon/rsds/gr/v20190118/"
"40","gs://cmip6/CMIP6/ScenarioMIP/IPSL/IPSL-CM6A-LR/ssp370/r3i1p1f1/Amon/rsds/gr/v20190119/"
"41","gs://cmip6/CMIP6/ScenarioMIP/IPSL/IPSL-CM6A-LR/ssp370/r2i1p1f1/Amon/rsds/gr/v20190119/"
"42","gs://cmip6/CMIP6/ScenarioMIP/IPSL/IPSL-CM6A-LR/ssp370/r8i1p1f1/Amon/rsds/gr/v20190119/"
"43","gs://cmip6/CMIP6/ScenarioMIP/IPSL/IPSL-CM6A-LR/ssp245/r1i1p1f1/Amon/rsds/gr/v20190119/"
"44","gs://cmip6/CMIP6/ScenarioMIP/IPSL/IPSL-CM6A-LR/ssp370/r1i1p1f1/Amon/rsds/gr/v20190119/"
"45","gs://cmip6/CMIP6/ScenarioMIP/IPSL/IPSL-CM6A-LR/ssp370/r4i1p1f1/Amon/rsds/gr/v20190119/"
"46","gs://cmip6/CMIP6/ScenarioMIP/IPSL/IPSL-CM6A-LR/ssp370/r10i1p1f1/Amon/rsds/gr/v20190119/"
"47","gs://cmip6/CMIP6/ScenarioMIP/IPSL/IPSL-CM6A-LR/ssp370/r5i1p1f1/Amon/rsds/gr/v20190119/"
"48","gs://cmip6/CMIP6/ScenarioMIP/IPSL/IPSL-CM6A-LR/ssp370/r6i1p1f1/Amon/rsds/gr/v20190119/"
"49","gs://cmip6/CMIP6/ScenarioMIP/IPSL/IPSL-CM6A-LR/ssp370/r7i1p1f1/Amon/rsds/gr/v20190119/"
"50","gs://cmip6/CMIP6/ScenarioMIP/IPSL/IPSL-CM6A-LR/ssp370/r9i1p1f1/Amon/rsds/gr/v20190119/"
"51","gs://cmip6/CMIP6/CMIP/CNRM-CERFACS/CNRM-ESM2-1/abrupt-4xCO2/r3i1p1f2/Amon/rsds/gr/v20190208/"
"52","gs://cmip6/CMIP6/CMIP/CNRM-CERFACS/CNRM-ESM2-1/esm-hist/r1i1p1f2/Amon/rsds/gr/v20190215/"
"53","gs://cmip6/CMIP6/ScenarioMIP/CNRM-CERFACS/CNRM-CM6-1/ssp370/r1i1p1f2/Amon/rsds/gr/v20190219/"
"54","gs://cmip6/CMIP6/ScenarioMIP/CNRM-CERFACS/CNRM-CM6-1/ssp585/r1i1p1f2/Amon/rsds/gr/v20190219/"
"55","gs://cmip6/CMIP6/ScenarioMIP/CNRM-CERFACS/CNRM-CM6-1/ssp126/r1i1p1f2/Amon/rsds/gr/v20190219/"
"56","gs://cmip6/CMIP6/ScenarioMIP/CNRM-CERFACS/CNRM-CM6-1/ssp245/r1i1p1f2/Amon/rsds/gr/v20190219/"
"57","gs://cmip6/CMIP6/ScenarioMIP/MRI/MRI-ESM2-0/ssp460/r1i1p1f1/Amon/rsds/gn/v20190222/"
"58","gs://cmip6/CMIP6/ScenarioMIP/MRI/MRI-ESM2-0/ssp245/r1i1p1f1/Amon/rsds/gn/v20190222/"
"59","gs://cmip6/CMIP6/ScenarioMIP/MRI/MRI-ESM2-0/ssp370/r1i1p1f1/Amon/rsds/gn/v20190222/"
"60","gs://cmip6/CMIP6/ScenarioMIP/MRI/MRI-ESM2-0/ssp119/r1i1p1f1/Amon/rsds/gn/v20190222/"
"61","gs://cmip6/CMIP6/ScenarioMIP/MRI/MRI-ESM2-0/ssp434/r1i1p1f1/Amon/rsds/gn/v20190222/"
"62","gs://cmip6/CMIP6/ScenarioMIP/IPSL/IPSL-CM6A-LR/ssp460/r1i1p1f2/Amon/rsds/gr/v20190307/"
"63","gs://cmip6/CMIP6/ScenarioMIP/IPSL/IPSL-CM6A-LR/ssp434/r1i1p1f2/Amon/rsds/gr/v20190307/"
"64","gs://cmip6/CMIP6/CMIP/MRI/MRI-ESM2-0/abrupt-4xCO2/r3i1p1f1/Amon/rsds/gn/v20190308/"
"65","gs://cmip6/CMIP6/CMIP/MRI/MRI-ESM2-0/abrupt-4xCO2/r7i1p1f1/Amon/rsds/gn/v20190308/"
"66","gs://cmip6/CMIP6/CMIP/MRI/MRI-ESM2-0/abrupt-4xCO2/r6i1p1f1/Amon/rsds/gn/v20190308/"
"67","gs://cmip6/CMIP6/CMIP/MRI/MRI-ESM2-0/abrupt-4xCO2/r9i1p1f1/Amon/rsds/gn/v20190308/"
"68","gs://cmip6/CMIP6/CMIP/MRI/MRI-ESM2-0/abrupt-4xCO2/r4i1p1f1/Amon/rsds/gn/v20190308/"
"69","gs://cmip6/CMIP6/CMIP/MRI/MRI-ESM2-0/abrupt-4xCO2/r8i1p1f1/Amon/rsds/gn/v20190308/"
"70","gs://cmip6/CMIP6/CMIP/MRI/MRI-ESM2-0/abrupt-4xCO2/r1i1p1f1/Amon/rsds/gn/v20190308/"
"71","gs://cmip6/CMIP6/CMIP/MRI/MRI-ESM2-0/abrupt-4xCO2/r2i1p1f1/Amon/rsds/gn/v20190308/"
"72","gs://cmip6/CMIP6/CMIP/MRI/MRI-ESM2-0/abrupt-4xCO2/r5i1p1f1/Amon/rsds/gn/v20190308/"
"73","gs://cmip6/CMIP6/CMIP/MRI/MRI-ESM2-0/abrupt-4xCO2/r11i1p1f1/Amon/rsds/gn/v20190308/"
"74","gs://cmip6/CMIP6/CMIP/MRI/MRI-ESM2-0/abrupt-4xCO2/r13i1p1f1/Amon/rsds/gn/v20190308/"
"75","gs://cmip6/CMIP6/CMIP/MRI/MRI-ESM2-0/abrupt-4xCO2/r12i1p1f1/Amon/rsds/gn/v20190308/"
"76","gs://cmip6/CMIP6/CMIP/MRI/MRI-ESM2-0/1pctCO2/r1i1p1f1/Amon/rsds/gn/v20190308/"
"77","gs://cmip6/CMIP6/CMIP/MRI/MRI-ESM2-0/abrupt-4xCO2/r10i1p1f1/Amon/rsds/gn/v20190308/"
"78","gs://cmip6/CMIP6/CMIP/MIROC/MIROC6/1pctCO2/r1i1p1f1/Amon/rsds/gn/v20190311/"
"79","gs://cmip6/CMIP6/CMIP/SNU/SAM0-UNICON/1pctCO2/r1i1p1f1/Amon/rsds/gn/v20190323/"
"80","gs://cmip6/CMIP6/CMIP/SNU/SAM0-UNICON/abrupt-4xCO2/r1i1p1f1/Amon/rsds/gn/v20190323/"
"81","gs://cmip6/CMIP6/ScenarioMIP/CNRM-CERFACS/CNRM-ESM2-1/ssp245/r1i1p1f2/Amon/rsds/gr/v20190328/"
"82","gs://cmip6/CMIP6/ScenarioMIP/CNRM-CERFACS/CNRM-ESM2-1/ssp119/r1i1p1f2/Amon/rsds/gr/v20190328/"
"83","gs://cmip6/CMIP6/ScenarioMIP/CNRM-CERFACS/CNRM-ESM2-1/ssp460/r1i1p1f2/Amon/rsds/gr/v20190328/"
"84","gs://cmip6/CMIP6/ScenarioMIP/CNRM-CERFACS/CNRM-ESM2-1/ssp434/r1i1p1f2/Amon/rsds/gr/v20190328/"
"85","gs://cmip6/CMIP6/ScenarioMIP/CNRM-CERFACS/CNRM-ESM2-1/ssp126/r1i1p1f2/Amon/rsds/gr/v20190328/"
"86","gs://cmip6/CMIP6/CMIP/CNRM-CERFACS/CNRM-ESM2-1/1pctCO2/r4i1p1f2/Amon/rsds/gr/v20190328/"
"87","gs://cmip6/CMIP6/CMIP/NASA-GISS/GISS-E2-1-H/1pctCO2/r1i1p1f1/Amon/rsds/gn/v20190403/"
"88","gs://cmip6/CMIP6/CMIP/NASA-GISS/GISS-E2-1-H/abrupt-4xCO2/r1i1p1f1/Amon/rsds/gn/v20190403/"
"89","gs://cmip6/CMIP6/CMIP/MOHC/UKESM1-0-LL/abrupt-4xCO2/r1i1p1f2/Amon/rsds/gn/v20190406/"
"90","gs://cmip6/CMIP6/CMIP/MOHC/UKESM1-0-LL/1pctCO2/r1i1p1f2/Amon/rsds/gn/v20190406/"
"91","gs://cmip6/CMIP6/ScenarioMIP/CNRM-CERFACS/CNRM-ESM2-1/ssp245/r3i1p1f2/Amon/rsds/gr/v20190410/"
"92","gs://cmip6/CMIP6/ScenarioMIP/CNRM-CERFACS/CNRM-CM6-1/ssp370/r6i1p1f2/Amon/rsds/gr/v20190410/"
"93","gs://cmip6/CMIP6/ScenarioMIP/CNRM-CERFACS/CNRM-ESM2-1/ssp119/r4i1p1f2/Amon/rsds/gr/v20190410/"
"94","gs://cmip6/CMIP6/ScenarioMIP/CNRM-CERFACS/CNRM-ESM2-1/ssp245/r4i1p1f2/Amon/rsds/gr/v20190410/"
"95","gs://cmip6/CMIP6/ScenarioMIP/IPSL/IPSL-CM6A-LR/ssp126/r2i1p1f1/Amon/rsds/gr/v20190410/"
"96","gs://cmip6/CMIP6/ScenarioMIP/CNRM-CERFACS/CNRM-ESM2-1/ssp245/r5i1p1f2/Amon/rsds/gr/v20190410/"
"97","gs://cmip6/CMIP6/ScenarioMIP/CNRM-CERFACS/CNRM-CM6-1/ssp245/r3i1p1f2/Amon/rsds/gr/v20190410/"
"98","gs://cmip6/CMIP6/ScenarioMIP/CNRM-CERFACS/CNRM-CM6-1/ssp585/r4i1p1f2/Amon/rsds/gr/v20190410/"
"99","gs://cmip6/CMIP6/ScenarioMIP/CNRM-CERFACS/CNRM-CM6-1/ssp245/r5i1p1f2/Amon/rsds/gr/v20190410/"
"100","gs://cmip6/CMIP6/ScenarioMIP/CNRM-CERFACS/CNRM-ESM2-1/ssp119/r5i1p1f2/Amon/rsds/gr/v20190410/"
"101","gs://cmip6/CMIP6/ScenarioMIP/CNRM-CERFACS/CNRM-CM6-1/ssp245/r6i1p1f2/Amon/rsds/gr/v20190410/"
"102","gs://cmip6/CMIP6/ScenarioMIP/CNRM-CERFACS/CNRM-CM6-1/ssp245/r4i1p1f2/Amon/rsds/gr/v20190410/"
"103","gs://cmip6/CMIP6/ScenarioMIP/CNRM-CERFACS/CNRM-ESM2-1/ssp126/r2i1p1f2/Amon/rsds/gr/v20190410/"
"104","gs://cmip6/CMIP6/ScenarioMIP/CNRM-CERFACS/CNRM-ESM2-1/ssp460/r5i1p1f2/Amon/rsds/gr/v20190410/"
"105","gs://cmip6/CMIP6/ScenarioMIP/CNRM-CERFACS/CNRM-CM6-1/ssp126/r5i1p1f2/Amon/rsds/gr/v20190410/"
"106","gs://cmip6/CMIP6/ScenarioMIP/CNRM-CERFACS/CNRM-ESM2-1/ssp460/r4i1p1f2/Amon/rsds/gr/v20190410/"
"107","gs://cmip6/CMIP6/ScenarioMIP/CNRM-CERFACS/CNRM-ESM2-1/ssp460/r2i1p1f2/Amon/rsds/gr/v20190410/"
"108","gs://cmip6/CMIP6/ScenarioMIP/CNRM-CERFACS/CNRM-ESM2-1/ssp460/r3i1p1f2/Amon/rsds/gr/v20190410/"
"109","gs://cmip6/CMIP6/ScenarioMIP/CNRM-CERFACS/CNRM-ESM2-1/ssp434/r2i1p1f2/Amon/rsds/gr/v20190410/"
"110","gs://cmip6/CMIP6/ScenarioMIP/CNRM-CERFACS/CNRM-ESM2-1/ssp434/r3i1p1f2/Amon/rsds/gr/v20190410/"
"111","gs://cmip6/CMIP6/ScenarioMIP/CNRM-CERFACS/CNRM-ESM2-1/ssp434/r4i1p1f2/Amon/rsds/gr/v20190410/"
"112","gs://cmip6/CMIP6/ScenarioMIP/CNRM-CERFACS/CNRM-ESM2-1/ssp434/r5i1p1f2/Amon/rsds/gr/v20190410/"
"113","gs://cmip6/CMIP6/ScenarioMIP/CNRM-CERFACS/CNRM-ESM2-1/ssp126/r5i1p1f2/Amon/rsds/gr/v20190410/"
"114","gs://cmip6/CMIP6/ScenarioMIP/CNRM-CERFACS/CNRM-CM6-1/ssp370/r4i1p1f2/Amon/rsds/gr/v20190410/"
"115","gs://cmip6/CMIP6/ScenarioMIP/CNRM-CERFACS/CNRM-CM6-1/ssp370/r3i1p1f2/Amon/rsds/gr/v20190410/"
"116","gs://cmip6/CMIP6/ScenarioMIP/IPSL/IPSL-CM6A-LR/ssp119/r1i1p1f1/Amon/rsds/gr/v20190410/"
"117","gs://cmip6/CMIP6/ScenarioMIP/CNRM-CERFACS/CNRM-ESM2-1/ssp245/r2i1p1f2/Amon/rsds/gr/v20190410/"
"118","gs://cmip6/CMIP6/ScenarioMIP/CNRM-CERFACS/CNRM-CM6-1/ssp370/r5i1p1f2/Amon/rsds/gr/v20190410/"
"119","gs://cmip6/CMIP6/ScenarioMIP/CNRM-CERFACS/CNRM-CM6-1/ssp245/r2i1p1f2/Amon/rsds/gr/v20190410/"
"120","gs://cmip6/CMIP6/ScenarioMIP/CNRM-CERFACS/CNRM-CM6-1/ssp126/r6i1p1f2/Amon/rsds/gr/v20190410/"
"121","gs://cmip6/CMIP6/ScenarioMIP/CNRM-CERFACS/CNRM-CM6-1/ssp585/r6i1p1f2/Amon/rsds/gr/v20190410/"
"122","gs://cmip6/CMIP6/ScenarioMIP/CNRM-CERFACS/CNRM-ESM2-1/ssp370/r5i1p1f2/Amon/rsds/gr/v20190410/"
"123","gs://cmip6/CMIP6/ScenarioMIP/CNRM-CERFACS/CNRM-ESM2-1/ssp370/r4i1p1f2/Amon/rsds/gr/v20190410/"
"124","gs://cmip6/CMIP6/ScenarioMIP/CNRM-CERFACS/CNRM-ESM2-1/ssp585/r4i1p1f2/Amon/rsds/gr/v20190410/"
"125","gs://cmip6/CMIP6/ScenarioMIP/CNRM-CERFACS/CNRM-CM6-1/ssp585/r2i1p1f2/Amon/rsds/gr/v20190410/"
"126","gs://cmip6/CMIP6/ScenarioMIP/CNRM-CERFACS/CNRM-ESM2-1/ssp585/r5i1p1f2/Amon/rsds/gr/v20190410/"
"127","gs://cmip6/CMIP6/ScenarioMIP/CNRM-CERFACS/CNRM-ESM2-1/ssp119/r2i1p1f2/Amon/rsds/gr/v20190410/"
"128","gs://cmip6/CMIP6/ScenarioMIP/CNRM-CERFACS/CNRM-CM6-1/ssp585/r5i1p1f2/Amon/rsds/gr/v20190410/"
"129","gs://cmip6/CMIP6/ScenarioMIP/CNRM-CERFACS/CNRM-ESM2-1/ssp370/r2i1p1f2/Amon/rsds/gr/v20190410/"
"130","gs://cmip6/CMIP6/ScenarioMIP/CNRM-CERFACS/CNRM-CM6-1/ssp126/r2i1p1f2/Amon/rsds/gr/v20190410/"
"131","gs://cmip6/CMIP6/ScenarioMIP/CNRM-CERFACS/CNRM-CM6-1/ssp126/r3i1p1f2/Amon/rsds/gr/v20190410/"
"132","gs://cmip6/CMIP6/ScenarioMIP/CNRM-CERFACS/CNRM-CM6-1/ssp585/r3i1p1f2/Amon/rsds/gr/v20190410/"
"133","gs://cmip6/CMIP6/ScenarioMIP/CNRM-CERFACS/CNRM-CM6-1/ssp370/r2i1p1f2/Amon/rsds/gr/v20190410/"
"134","gs://cmip6/CMIP6/ScenarioMIP/CNRM-CERFACS/CNRM-ESM2-1/ssp126/r4i1p1f2/Amon/rsds/gr/v20190410/"
"135","gs://cmip6/CMIP6/ScenarioMIP/CNRM-CERFACS/CNRM-ESM2-1/ssp126/r3i1p1f2/Amon/rsds/gr/v20190410/"
"136","gs://cmip6/CMIP6/ScenarioMIP/CNRM-CERFACS/CNRM-CM6-1/ssp126/r4i1p1f2/Amon/rsds/gr/v20190410/"
"137","gs://cmip6/CMIP6/ScenarioMIP/IPSL/IPSL-CM6A-LR/ssp126/r3i1p1f1/Amon/rsds/gr/v20190410/"
"138","gs://cmip6/CMIP6/ScenarioMIP/CNRM-CERFACS/CNRM-ESM2-1/ssp585/r2i1p1f2/Amon/rsds/gr/v20190410/"
"139","gs://cmip6/CMIP6/ScenarioMIP/CNRM-CERFACS/CNRM-ESM2-1/ssp370/r3i1p1f2/Amon/rsds/gr/v20190410/"
"140","gs://cmip6/CMIP6/ScenarioMIP/CNRM-CERFACS/CNRM-ESM2-1/ssp119/r3i1p1f2/Amon/rsds/gr/v20190410/"
"141","gs://cmip6/CMIP6/ScenarioMIP/CNRM-CERFACS/CNRM-ESM2-1/ssp585/r3i1p1f2/Amon/rsds/gr/v20190410/"
"142","gs://cmip6/CMIP6/CMIP/NCAR/CESM2/1pctCO2/r1i1p1f1/Amon/rsds/gn/v20190425/"
"143","gs://cmip6/CMIP6/CMIP/NCAR/CESM2-WACCM/abrupt-4xCO2/r1i1p1f1/Amon/rsds/gn/v20190425/"
"144","gs://cmip6/CMIP6/CMIP/NCAR/CESM2-WACCM/1pctCO2/r1i1p1f1/Amon/rsds/gn/v20190425/"
"145","gs://cmip6/CMIP6/CMIP/CCCma/CanESM5-CanOE/1pctCO2/r1i1p2f1/Amon/rsds/gn/v20190429/"
"146","gs://cmip6/CMIP6/CMIP/CCCma/CanESM5/esm-hist/r9i1p1f1/Amon/rsds/gn/v20190429/"
"147","gs://cmip6/CMIP6/CMIP/CCCma/CanESM5/esm-hist/r8i1p1f1/Amon/rsds/gn/v20190429/"
"148","gs://cmip6/CMIP6/CMIP/CCCma/CanESM5/esm-hist/r2i1p1f1/Amon/rsds/gn/v20190429/"
"149","gs://cmip6/CMIP6/CMIP/CCCma/CanESM5/esm-hist/r6i1p1f1/Amon/rsds/gn/v20190429/"
"150","gs://cmip6/CMIP6/CMIP/CCCma/CanESM5/esm-hist/r5i1p1f1/Amon/rsds/gn/v20190429/"
"151","gs://cmip6/CMIP6/CMIP/CCCma/CanESM5/esm-hist/r7i1p1f1/Amon/rsds/gn/v20190429/"
"152","gs://cmip6/CMIP6/ScenarioMIP/CCCma/CanESM5/ssp585/r17i1p1f1/Amon/rsds/gn/v20190429/"
"153","gs://cmip6/CMIP6/CMIP/CCCma/CanESM5/esm-hist/r1i1p1f1/Amon/rsds/gn/v20190429/"
"154","gs://cmip6/CMIP6/CMIP/CCCma/CanESM5/esm-hist/r3i1p1f1/Amon/rsds/gn/v20190429/"
"155","gs://cmip6/CMIP6/CMIP/CCCma/CanESM5/esm-hist/r4i1p1f1/Amon/rsds/gn/v20190429/"
"156","gs://cmip6/CMIP6/CMIP/CCCma/CanESM5/esm-hist/r10i1p1f1/Amon/rsds/gn/v20190429/"
"157","gs://cmip6/CMIP6/CMIP/CCCma/CanESM5/abrupt-4xCO2/r1i1p2f1/Amon/rsds/gn/v20190429/"
"158","gs://cmip6/CMIP6/ScenarioMIP/CCCma/CanESM5/ssp370/r21i1p1f1/Amon/rsds/gn/v20190429/"
"159","gs://cmip6/CMIP6/ScenarioMIP/CCCma/CanESM5/ssp370/r20i1p2f1/Amon/rsds/gn/v20190429/"
"160","gs://cmip6/CMIP6/ScenarioMIP/CCCma/CanESM5/ssp370/r18i1p1f1/Amon/rsds/gn/v20190429/"
"161","gs://cmip6/CMIP6/ScenarioMIP/CCCma/CanESM5/ssp370/r23i1p2f1/Amon/rsds/gn/v20190429/"
"162","gs://cmip6/CMIP6/ScenarioMIP/CCCma/CanESM5/ssp370/r23i1p1f1/Amon/rsds/gn/v20190429/"
"163","gs://cmip6/CMIP6/ScenarioMIP/CCCma/CanESM5/ssp245/r20i1p2f1/Amon/rsds/gn/v20190429/"
"164","gs://cmip6/CMIP6/ScenarioMIP/CCCma/CanESM5/ssp370/r22i1p2f1/Amon/rsds/gn/v20190429/"
"165","gs://cmip6/CMIP6/ScenarioMIP/CCCma/CanESM5/ssp370/r1i1p2f1/Amon/rsds/gn/v20190429/"
"166","gs://cmip6/CMIP6/ScenarioMIP/CCCma/CanESM5/ssp370/r21i1p2f1/Amon/rsds/gn/v20190429/"
"167","gs://cmip6/CMIP6/ScenarioMIP/CCCma/CanESM5/ssp370/r19i1p1f1/Amon/rsds/gn/v20190429/"
"168","gs://cmip6/CMIP6/ScenarioMIP/CCCma/CanESM5/ssp370/r1i1p1f1/Amon/rsds/gn/v20190429/"
"169","gs://cmip6/CMIP6/ScenarioMIP/CCCma/CanESM5/ssp370/r20i1p1f1/Amon/rsds/gn/v20190429/"
"170","gs://cmip6/CMIP6/ScenarioMIP/CCCma/CanESM5/ssp370/r19i1p2f1/Amon/rsds/gn/v20190429/"
"171","gs://cmip6/CMIP6/ScenarioMIP/CCCma/CanESM5/ssp245/r21i1p1f1/Amon/rsds/gn/v20190429/"
"172","gs://cmip6/CMIP6/ScenarioMIP/CCCma/CanESM5/ssp370/r22i1p1f1/Amon/rsds/gn/v20190429/"
"173","gs://cmip6/CMIP6/CMIP/CCCma/CanESM5/1pctCO2/r2i1p1f1/Amon/rsds/gn/v20190429/"
"174","gs://cmip6/CMIP6/CMIP/CCCma/CanESM5/abrupt-4xCO2/r1i1p1f1/Amon/rsds/gn/v20190429/"
"175","gs://cmip6/CMIP6/CMIP/CCCma/CanESM5/1pctCO2/r3i1p2f1/Amon/rsds/gn/v20190429/"
"176","gs://cmip6/CMIP6/CMIP/CCCma/CanESM5/1pctCO2/r2i1p2f1/Amon/rsds/gn/v20190429/"
"177","gs://cmip6/CMIP6/CMIP/CCCma/CanESM5/1pctCO2/r1i1p2f1/Amon/rsds/gn/v20190429/"
"178","gs://cmip6/CMIP6/ScenarioMIP/CCCma/CanESM5/ssp370/r18i1p2f1/Amon/rsds/gn/v20190429/"
"179","gs://cmip6/CMIP6/CMIP/CCCma/CanESM5/1pctCO2/r1i1p1f1/Amon/rsds/gn/v20190429/"
"180","gs://cmip6/CMIP6/CMIP/CCCma/CanESM5/1pctCO2/r3i1p1f1/Amon/rsds/gn/v20190429/"
"181","gs://cmip6/CMIP6/ScenarioMIP/CCCma/CanESM5/ssp585/r10i1p1f1/Amon/rsds/gn/v20190429/"
"182","gs://cmip6/CMIP6/ScenarioMIP/CCCma/CanESM5/ssp585/r10i1p2f1/Amon/rsds/gn/v20190429/"
"183","gs://cmip6/CMIP6/ScenarioMIP/CCCma/CanESM5/ssp585/r11i1p1f1/Amon/rsds/gn/v20190429/"
"184","gs://cmip6/CMIP6/ScenarioMIP/CCCma/CanESM5/ssp585/r13i1p1f1/Amon/rsds/gn/v20190429/"
"185","gs://cmip6/CMIP6/ScenarioMIP/CCCma/CanESM5/ssp585/r11i1p2f1/Amon/rsds/gn/v20190429/"
"186","gs://cmip6/CMIP6/ScenarioMIP/CCCma/CanESM5/ssp460/r5i1p1f1/Amon/rsds/gn/v20190429/"
"187","gs://cmip6/CMIP6/ScenarioMIP/CCCma/CanESM5/ssp585/r12i1p1f1/Amon/rsds/gn/v20190429/"
"188","gs://cmip6/CMIP6/ScenarioMIP/CCCma/CanESM5/ssp585/r12i1p2f1/Amon/rsds/gn/v20190429/"
"189","gs://cmip6/CMIP6/ScenarioMIP/CCCma/CanESM5/ssp585/r8i1p2f1/Amon/rsds/gn/v20190429/"
"190","gs://cmip6/CMIP6/ScenarioMIP/CCCma/CanESM5/ssp585/r9i1p1f1/Amon/rsds/gn/v20190429/"
"191","gs://cmip6/CMIP6/ScenarioMIP/CCCma/CanESM5/ssp585/r9i1p2f1/Amon/rsds/gn/v20190429/"
"192","gs://cmip6/CMIP6/ScenarioMIP/CCCma/CanESM5/ssp585/r20i1p2f1/Amon/rsds/gn/v20190429/"
"193","gs://cmip6/CMIP6/ScenarioMIP/CCCma/CanESM5/ssp585/r21i1p1f1/Amon/rsds/gn/v20190429/"
"194","gs://cmip6/CMIP6/ScenarioMIP/CCCma/CanESM5/ssp585/r15i1p1f1/Amon/rsds/gn/v20190429/"
"195","gs://cmip6/CMIP6/ScenarioMIP/CCCma/CanESM5/ssp585/r21i1p2f1/Amon/rsds/gn/v20190429/"
"196","gs://cmip6/CMIP6/ScenarioMIP/CCCma/CanESM5/ssp585/r22i1p1f1/Amon/rsds/gn/v20190429/"
"197","gs://cmip6/CMIP6/ScenarioMIP/CCCma/CanESM5/ssp585/r1i1p1f1/Amon/rsds/gn/v20190429/"
"198","gs://cmip6/CMIP6/ScenarioMIP/CCCma/CanESM5/ssp585/r19i1p2f1/Amon/rsds/gn/v20190429/"
"199","gs://cmip6/CMIP6/ScenarioMIP/CCCma/CanESM5/ssp585/r22i1p2f1/Amon/rsds/gn/v20190429/"
"200","gs://cmip6/CMIP6/ScenarioMIP/CCCma/CanESM5/ssp585/r18i1p2f1/Amon/rsds/gn/v20190429/"
"201","gs://cmip6/CMIP6/ScenarioMIP/CCCma/CanESM5/ssp585/r17i1p2f1/Amon/rsds/gn/v20190429/"
"202","gs://cmip6/CMIP6/ScenarioMIP/CCCma/CanESM5/ssp585/r18i1p1f1/Amon/rsds/gn/v20190429/"
"203","gs://cmip6/CMIP6/ScenarioMIP/CCCma/CanESM5/ssp585/r16i1p2f1/Amon/rsds/gn/v20190429/"
"204","gs://cmip6/CMIP6/ScenarioMIP/CCCma/CanESM5/ssp585/r16i1p1f1/Amon/rsds/gn/v20190429/"
"205","gs://cmip6/CMIP6/ScenarioMIP/CCCma/CanESM5/ssp585/r15i1p2f1/Amon/rsds/gn/v20190429/"
"206","gs://cmip6/CMIP6/ScenarioMIP/CCCma/CanESM5/ssp585/r14i1p2f1/Amon/rsds/gn/v20190429/"
"207","gs://cmip6/CMIP6/ScenarioMIP/CCCma/CanESM5/ssp585/r14i1p1f1/Amon/rsds/gn/v20190429/"
"208","gs://cmip6/CMIP6/ScenarioMIP/CCCma/CanESM5/ssp585/r13i1p2f1/Amon/rsds/gn/v20190429/"
"209","gs://cmip6/CMIP6/ScenarioMIP/CCCma/CanESM5/ssp370/r9i1p1f1/Amon/rsds/gn/v20190429/"
"210","gs://cmip6/CMIP6/ScenarioMIP/CCCma/CanESM5/ssp370/r8i1p2f1/Amon/rsds/gn/v20190429/"
"211","gs://cmip6/CMIP6/ScenarioMIP/CCCma/CanESM5/ssp370/r8i1p1f1/Amon/rsds/gn/v20190429/"
"212","gs://cmip6/CMIP6/ScenarioMIP/CCCma/CanESM5/ssp460/r4i1p1f1/Amon/rsds/gn/v20190429/"
"213","gs://cmip6/CMIP6/ScenarioMIP/CCCma/CanESM5/ssp460/r2i1p1f1/Amon/rsds/gn/v20190429/"
"214","gs://cmip6/CMIP6/ScenarioMIP/CCCma/CanESM5/ssp370/r9i1p2f1/Amon/rsds/gn/v20190429/"
"215","gs://cmip6/CMIP6/ScenarioMIP/CCCma/CanESM5/ssp434/r2i1p1f1/Amon/rsds/gn/v20190429/"
"216","gs://cmip6/CMIP6/ScenarioMIP/CCCma/CanESM5/ssp434/r1i1p1f1/Amon/rsds/gn/v20190429/"
"217","gs://cmip6/CMIP6/ScenarioMIP/CCCma/CanESM5/ssp585/r20i1p1f1/Amon/rsds/gn/v20190429/"
"218","gs://cmip6/CMIP6/ScenarioMIP/CCCma/CanESM5/ssp585/r19i1p1f1/Amon/rsds/gn/v20190429/"
"219","gs://cmip6/CMIP6/ScenarioMIP/CCCma/CanESM5/ssp434/r3i1p1f1/Amon/rsds/gn/v20190429/"
"220","gs://cmip6/CMIP6/ScenarioMIP/CCCma/CanESM5/ssp460/r3i1p1f1/Amon/rsds/gn/v20190429/"
"221","gs://cmip6/CMIP6/ScenarioMIP/CCCma/CanESM5/ssp585/r1i1p2f1/Amon/rsds/gn/v20190429/"
"222","gs://cmip6/CMIP6/ScenarioMIP/CCCma/CanESM5/ssp460/r1i1p1f1/Amon/rsds/gn/v20190429/"
"223","gs://cmip6/CMIP6/ScenarioMIP/CCCma/CanESM5/ssp434/r5i1p1f1/Amon/rsds/gn/v20190429/"
"224","gs://cmip6/CMIP6/ScenarioMIP/CCCma/CanESM5/ssp434/r4i1p1f1/Amon/rsds/gn/v20190429/"
"225","gs://cmip6/CMIP6/ScenarioMIP/CCCma/CanESM5/ssp245/r7i1p2f1/Amon/rsds/gn/v20190429/"
"226","gs://cmip6/CMIP6/ScenarioMIP/CCCma/CanESM5/ssp119/r12i1p1f1/Amon/rsds/gn/v20190429/"
"227","gs://cmip6/CMIP6/ScenarioMIP/CCCma/CanESM5/ssp245/r8i1p1f1/Amon/rsds/gn/v20190429/"
"228","gs://cmip6/CMIP6/ScenarioMIP/CCCma/CanESM5/ssp119/r12i1p2f1/Amon/rsds/gn/v20190429/"
"229","gs://cmip6/CMIP6/ScenarioMIP/CCCma/CanESM5/ssp245/r8i1p2f1/Amon/rsds/gn/v20190429/"
"230","gs://cmip6/CMIP6/ScenarioMIP/CCCma/CanESM5/ssp119/r11i1p2f1/Amon/rsds/gn/v20190429/"
"231","gs://cmip6/CMIP6/ScenarioMIP/CCCma/CanESM5/ssp245/r6i1p1f1/Amon/rsds/gn/v20190429/"
"232","gs://cmip6/CMIP6/ScenarioMIP/CCCma/CanESM5/ssp245/r6i1p2f1/Amon/rsds/gn/v20190429/"
"233","gs://cmip6/CMIP6/ScenarioMIP/CCCma/CanESM5/ssp245/r7i1p1f1/Amon/rsds/gn/v20190429/"
"234","gs://cmip6/CMIP6/ScenarioMIP/CCCma/CanESM5/ssp245/r21i1p2f1/Amon/rsds/gn/v20190429/"
"235","gs://cmip6/CMIP6/ScenarioMIP/CCCma/CanESM5/ssp370/r15i1p2f1/Amon/rsds/gn/v20190429/"
"236","gs://cmip6/CMIP6/ScenarioMIP/CCCma/CanESM5/ssp370/r15i1p1f1/Amon/rsds/gn/v20190429/"
"237","gs://cmip6/CMIP6/ScenarioMIP/CCCma/CanESM5/ssp245/r9i1p1f1/Amon/rsds/gn/v20190429/"
"238","gs://cmip6/CMIP6/ScenarioMIP/CCCma/CanESM5/ssp245/r9i1p2f1/Amon/rsds/gn/v20190429/"
"239","gs://cmip6/CMIP6/ScenarioMIP/CCCma/CanESM5/ssp370/r10i1p1f1/Amon/rsds/gn/v20190429/"
"240","gs://cmip6/CMIP6/ScenarioMIP/CCCma/CanESM5/ssp119/r11i1p1f1/Amon/rsds/gn/v20190429/"
"241","gs://cmip6/CMIP6/ScenarioMIP/CCCma/CanESM5/ssp119/r10i1p2f1/Amon/rsds/gn/v20190429/"
"242","gs://cmip6/CMIP6/ScenarioMIP/CCCma/CanESM5/ssp119/r10i1p1f1/Amon/rsds/gn/v20190429/"
"243","gs://cmip6/CMIP6/ScenarioMIP/CCCma/CanESM5/ssp245/r3i1p2f1/Amon/rsds/gn/v20190429/"
"244","gs://cmip6/CMIP6/ScenarioMIP/CCCma/CanESM5-CanOE/ssp370/r2i1p2f1/Amon/rsds/gn/v20190429/"
"245","gs://cmip6/CMIP6/ScenarioMIP/CCCma/CanESM5-CanOE/ssp370/r3i1p2f1/Amon/rsds/gn/v20190429/"
"246","gs://cmip6/CMIP6/ScenarioMIP/CCCma/CanESM5/ssp245/r4i1p1f1/Amon/rsds/gn/v20190429/"
"247","gs://cmip6/CMIP6/ScenarioMIP/CCCma/CanESM5/ssp370/r4i1p1f1/Amon/rsds/gn/v20190429/"
"248","gs://cmip6/CMIP6/ScenarioMIP/CCCma/CanESM5/ssp370/r4i1p2f1/Amon/rsds/gn/v20190429/"
"249","gs://cmip6/CMIP6/ScenarioMIP/CCCma/CanESM5/ssp370/r17i1p2f1/Amon/rsds/gn/v20190429/"
"250","gs://cmip6/CMIP6/ScenarioMIP/CCCma/CanESM5/ssp370/r3i1p1f1/Amon/rsds/gn/v20190429/"
"251","gs://cmip6/CMIP6/ScenarioMIP/CCCma/CanESM5/ssp370/r2i1p2f1/Amon/rsds/gn/v20190429/"
"252","gs://cmip6/CMIP6/ScenarioMIP/CCCma/CanESM5-CanOE/ssp585/r3i1p2f1/Amon/rsds/gn/v20190429/"
"253","gs://cmip6/CMIP6/ScenarioMIP/CCCma/CanESM5-CanOE/ssp585/r1i1p2f1/Amon/rsds/gn/v20190429/"
"254","gs://cmip6/CMIP6/ScenarioMIP/CCCma/CanESM5-CanOE/ssp585/r2i1p2f1/Amon/rsds/gn/v20190429/"
"255","gs://cmip6/CMIP6/ScenarioMIP/CCCma/CanESM5/ssp245/r4i1p2f1/Amon/rsds/gn/v20190429/"
"256","gs://cmip6/CMIP6/ScenarioMIP/CCCma/CanESM5/ssp245/r3i1p1f1/Amon/rsds/gn/v20190429/"
"257","gs://cmip6/CMIP6/ScenarioMIP/CCCma/CanESM5/ssp245/r2i1p1f1/Amon/rsds/gn/v20190429/"
"258","gs://cmip6/CMIP6/ScenarioMIP/CCCma/CanESM5/ssp245/r2i1p2f1/Amon/rsds/gn/v20190429/"
"259","gs://cmip6/CMIP6/ScenarioMIP/CCCma/CanESM5/ssp370/r5i1p2f1/Amon/rsds/gn/v20190429/"
"260","gs://cmip6/CMIP6/ScenarioMIP/CCCma/CanESM5/ssp245/r1i1p2f1/Amon/rsds/gn/v20190429/"
"261","gs://cmip6/CMIP6/ScenarioMIP/CCCma/CanESM5/ssp245/r1i1p1f1/Amon/rsds/gn/v20190429/"
"262","gs://cmip6/CMIP6/ScenarioMIP/CCCma/CanESM5/ssp370/r7i1p1f1/Amon/rsds/gn/v20190429/"
"263","gs://cmip6/CMIP6/ScenarioMIP/CCCma/CanESM5/ssp370/r6i1p2f1/Amon/rsds/gn/v20190429/"
"264","gs://cmip6/CMIP6/ScenarioMIP/CCCma/CanESM5/ssp370/r6i1p1f1/Amon/rsds/gn/v20190429/"
"265","gs://cmip6/CMIP6/ScenarioMIP/CCCma/CanESM5/ssp370/r5i1p1f1/Amon/rsds/gn/v20190429/"
"266","gs://cmip6/CMIP6/ScenarioMIP/CCCma/CanESM5/ssp370/r24i1p1f1/Amon/rsds/gn/v20190429/"
"267","gs://cmip6/CMIP6/ScenarioMIP/CCCma/CanESM5/ssp370/r25i1p1f1/Amon/rsds/gn/v20190429/"
"268","gs://cmip6/CMIP6/ScenarioMIP/CCCma/CanESM5/ssp370/r3i1p2f1/Amon/rsds/gn/v20190429/"
"269","gs://cmip6/CMIP6/ScenarioMIP/CCCma/CanESM5/ssp370/r24i1p2f1/Amon/rsds/gn/v20190429/"
"270","gs://cmip6/CMIP6/ScenarioMIP/CCCma/CanESM5/ssp245/r20i1p1f1/Amon/rsds/gn/v20190429/"
"271","gs://cmip6/CMIP6/ScenarioMIP/CCCma/CanESM5/ssp370/r7i1p2f1/Amon/rsds/gn/v20190429/"
"272","gs://cmip6/CMIP6/ScenarioMIP/CCCma/CanESM5/ssp370/r2i1p1f1/Amon/rsds/gn/v20190429/"
"273","gs://cmip6/CMIP6/ScenarioMIP/CCCma/CanESM5/ssp370/r25i1p2f1/Amon/rsds/gn/v20190429/"
"274","gs://cmip6/CMIP6/ScenarioMIP/CCCma/CanESM5/ssp370/r12i1p2f1/Amon/rsds/gn/v20190429/"
"275","gs://cmip6/CMIP6/ScenarioMIP/CCCma/CanESM5/ssp370/r13i1p1f1/Amon/rsds/gn/v20190429/"
"276","gs://cmip6/CMIP6/ScenarioMIP/CCCma/CanESM5/ssp370/r13i1p2f1/Amon/rsds/gn/v20190429/"
"277","gs://cmip6/CMIP6/ScenarioMIP/CCCma/CanESM5/ssp245/r23i1p2f1/Amon/rsds/gn/v20190429/"
"278","gs://cmip6/CMIP6/ScenarioMIP/CCCma/CanESM5-CanOE/ssp245/r2i1p2f1/Amon/rsds/gn/v20190429/"
"279","gs://cmip6/CMIP6/ScenarioMIP/CCCma/CanESM5-CanOE/ssp370/r1i1p2f1/Amon/rsds/gn/v20190429/"
"280","gs://cmip6/CMIP6/ScenarioMIP/CCCma/CanESM5-CanOE/ssp245/r3i1p2f1/Amon/rsds/gn/v20190429/"
"281","gs://cmip6/CMIP6/ScenarioMIP/CCCma/CanESM5/ssp370/r16i1p1f1/Amon/rsds/gn/v20190429/"
"282","gs://cmip6/CMIP6/ScenarioMIP/CCCma/CanESM5/ssp370/r14i1p2f1/Amon/rsds/gn/v20190429/"
"283","gs://cmip6/CMIP6/ScenarioMIP/CCCma/CanESM5/ssp370/r17i1p1f1/Amon/rsds/gn/v20190429/"
"284","gs://cmip6/CMIP6/ScenarioMIP/CCCma/CanESM5/ssp370/r10i1p2f1/Amon/rsds/gn/v20190429/"
"285","gs://cmip6/CMIP6/ScenarioMIP/CCCma/CanESM5/ssp370/r11i1p2f1/Amon/rsds/gn/v20190429/"
"286","gs://cmip6/CMIP6/ScenarioMIP/CCCma/CanESM5/ssp370/r11i1p1f1/Amon/rsds/gn/v20190429/"
"287","gs://cmip6/CMIP6/ScenarioMIP/CCCma/CanESM5/ssp370/r16i1p2f1/Amon/rsds/gn/v20190429/"
"288","gs://cmip6/CMIP6/ScenarioMIP/CCCma/CanESM5/ssp370/r14i1p1f1/Amon/rsds/gn/v20190429/"
"289","gs://cmip6/CMIP6/ScenarioMIP/CCCma/CanESM5/ssp370/r12i1p1f1/Amon/rsds/gn/v20190429/"
"290","gs://cmip6/CMIP6/ScenarioMIP/CCCma/CanESM5/ssp245/r22i1p2f1/Amon/rsds/gn/v20190429/"
"291","gs://cmip6/CMIP6/ScenarioMIP/CCCma/CanESM5-CanOE/ssp245/r1i1p2f1/Amon/rsds/gn/v20190429/"
"292","gs://cmip6/CMIP6/ScenarioMIP/CCCma/CanESM5-CanOE/ssp126/r2i1p2f1/Amon/rsds/gn/v20190429/"
"293","gs://cmip6/CMIP6/ScenarioMIP/CCCma/CanESM5/ssp245/r23i1p1f1/Amon/rsds/gn/v20190429/"
"294","gs://cmip6/CMIP6/ScenarioMIP/CCCma/CanESM5/ssp245/r5i1p1f1/Amon/rsds/gn/v20190429/"
"295","gs://cmip6/CMIP6/ScenarioMIP/CCCma/CanESM5/ssp245/r5i1p2f1/Amon/rsds/gn/v20190429/"
"296","gs://cmip6/CMIP6/ScenarioMIP/CCCma/CanESM5/ssp245/r24i1p1f1/Amon/rsds/gn/v20190429/"
"297","gs://cmip6/CMIP6/ScenarioMIP/CCCma/CanESM5/ssp245/r24i1p2f1/Amon/rsds/gn/v20190429/"
"298","gs://cmip6/CMIP6/ScenarioMIP/CCCma/CanESM5/ssp245/r25i1p1f1/Amon/rsds/gn/v20190429/"
"299","gs://cmip6/CMIP6/ScenarioMIP/CCCma/CanESM5/ssp245/r25i1p2f1/Amon/rsds/gn/v20190429/"
"300","gs://cmip6/CMIP6/ScenarioMIP/CCCma/CanESM5-CanOE/ssp126/r1i1p2f1/Amon/rsds/gn/v20190429/"
"301","gs://cmip6/CMIP6/ScenarioMIP/CCCma/CanESM5-CanOE/ssp126/r3i1p2f1/Amon/rsds/gn/v20190429/"
"302","gs://cmip6/CMIP6/ScenarioMIP/CCCma/CanESM5/ssp245/r22i1p1f1/Amon/rsds/gn/v20190429/"
"303","gs://cmip6/CMIP6/ScenarioMIP/CCCma/CanESM5/ssp245/r16i1p1f1/Amon/rsds/gn/v20190429/"
"304","gs://cmip6/CMIP6/ScenarioMIP/CCCma/CanESM5/ssp245/r16i1p2f1/Amon/rsds/gn/v20190429/"
"305","gs://cmip6/CMIP6/ScenarioMIP/CCCma/CanESM5/ssp126/r6i1p2f1/Amon/rsds/gn/v20190429/"
"306","gs://cmip6/CMIP6/ScenarioMIP/CCCma/CanESM5/ssp245/r13i1p2f1/Amon/rsds/gn/v20190429/"
"307","gs://cmip6/CMIP6/ScenarioMIP/CCCma/CanESM5/ssp245/r14i1p1f1/Amon/rsds/gn/v20190429/"
"308","gs://cmip6/CMIP6/ScenarioMIP/CCCma/CanESM5/ssp126/r9i1p2f1/Amon/rsds/gn/v20190429/"
"309","gs://cmip6/CMIP6/ScenarioMIP/CCCma/CanESM5/ssp126/r7i1p1f1/Amon/rsds/gn/v20190429/"
"310","gs://cmip6/CMIP6/ScenarioMIP/CCCma/CanESM5/ssp245/r11i1p1f1/Amon/rsds/gn/v20190429/"
"311","gs://cmip6/CMIP6/ScenarioMIP/CCCma/CanESM5/ssp245/r18i1p1f1/Amon/rsds/gn/v20190429/"
"312","gs://cmip6/CMIP6/ScenarioMIP/CCCma/CanESM5/ssp245/r18i1p2f1/Amon/rsds/gn/v20190429/"
"313","gs://cmip6/CMIP6/ScenarioMIP/CCCma/CanESM5/ssp245/r17i1p1f1/Amon/rsds/gn/v20190429/"
"314","gs://cmip6/CMIP6/ScenarioMIP/CCCma/CanESM5/ssp245/r17i1p2f1/Amon/rsds/gn/v20190429/"
"315","gs://cmip6/CMIP6/ScenarioMIP/CCCma/CanESM5/ssp126/r9i1p1f1/Amon/rsds/gn/v20190429/"
"316","gs://cmip6/CMIP6/ScenarioMIP/CCCma/CanESM5/ssp245/r10i1p1f1/Amon/rsds/gn/v20190429/"
"317","gs://cmip6/CMIP6/ScenarioMIP/CCCma/CanESM5/ssp245/r15i1p2f1/Amon/rsds/gn/v20190429/"
"318","gs://cmip6/CMIP6/ScenarioMIP/CCCma/CanESM5/ssp126/r3i1p1f1/Amon/rsds/gn/v20190429/"
"319","gs://cmip6/CMIP6/ScenarioMIP/CCCma/CanESM5/ssp126/r21i1p1f1/Amon/rsds/gn/v20190429/"
"320","gs://cmip6/CMIP6/ScenarioMIP/CCCma/CanESM5/ssp245/r12i1p1f1/Amon/rsds/gn/v20190429/"
"321","gs://cmip6/CMIP6/ScenarioMIP/CCCma/CanESM5/ssp126/r20i1p2f1/Amon/rsds/gn/v20190429/"
"322","gs://cmip6/CMIP6/ScenarioMIP/CCCma/CanESM5/ssp126/r2i1p2f1/Amon/rsds/gn/v20190429/"
"323","gs://cmip6/CMIP6/ScenarioMIP/CCCma/CanESM5/ssp126/r22i1p1f1/Amon/rsds/gn/v20190429/"
"324","gs://cmip6/CMIP6/ScenarioMIP/CCCma/CanESM5/ssp126/r22i1p2f1/Amon/rsds/gn/v20190429/"
"325","gs://cmip6/CMIP6/ScenarioMIP/CCCma/CanESM5/ssp126/r25i1p1f1/Amon/rsds/gn/v20190429/"
"326","gs://cmip6/CMIP6/ScenarioMIP/CCCma/CanESM5/ssp126/r25i1p2f1/Amon/rsds/gn/v20190429/"
"327","gs://cmip6/CMIP6/ScenarioMIP/CCCma/CanESM5/ssp126/r2i1p1f1/Amon/rsds/gn/v20190429/"
"328","gs://cmip6/CMIP6/ScenarioMIP/CCCma/CanESM5/ssp245/r12i1p2f1/Amon/rsds/gn/v20190429/"
"329","gs://cmip6/CMIP6/ScenarioMIP/CCCma/CanESM5/ssp126/r8i1p2f1/Amon/rsds/gn/v20190429/"
"330","gs://cmip6/CMIP6/ScenarioMIP/CCCma/CanESM5/ssp126/r8i1p1f1/Amon/rsds/gn/v20190429/"
"331","gs://cmip6/CMIP6/ScenarioMIP/CCCma/CanESM5/ssp126/r7i1p2f1/Amon/rsds/gn/v20190429/"
"332","gs://cmip6/CMIP6/ScenarioMIP/CCCma/CanESM5/ssp126/r21i1p2f1/Amon/rsds/gn/v20190429/"
"333","gs://cmip6/CMIP6/ScenarioMIP/CCCma/CanESM5/ssp126/r20i1p1f1/Amon/rsds/gn/v20190429/"
"334","gs://cmip6/CMIP6/ScenarioMIP/CCCma/CanESM5/ssp245/r14i1p2f1/Amon/rsds/gn/v20190429/"
"335","gs://cmip6/CMIP6/ScenarioMIP/CCCma/CanESM5/ssp245/r15i1p1f1/Amon/rsds/gn/v20190429/"
"336","gs://cmip6/CMIP6/ScenarioMIP/CCCma/CanESM5/ssp119/r14i1p2f1/Amon/rsds/gn/v20190429/"
"337","gs://cmip6/CMIP6/ScenarioMIP/CCCma/CanESM5/ssp119/r13i1p2f1/Amon/rsds/gn/v20190429/"
"338","gs://cmip6/CMIP6/ScenarioMIP/CCCma/CanESM5/ssp119/r18i1p2f1/Amon/rsds/gn/v20190429/"
"339","gs://cmip6/CMIP6/ScenarioMIP/CCCma/CanESM5/ssp119/r21i1p1f1/Amon/rsds/gn/v20190429/"
"340","gs://cmip6/CMIP6/ScenarioMIP/CCCma/CanESM5/ssp119/r20i1p1f1/Amon/rsds/gn/v20190429/"
"341","gs://cmip6/CMIP6/ScenarioMIP/CCCma/CanESM5/ssp119/r20i1p2f1/Amon/rsds/gn/v20190429/"
"342","gs://cmip6/CMIP6/ScenarioMIP/CCCma/CanESM5/ssp119/r14i1p1f1/Amon/rsds/gn/v20190429/"
"343","gs://cmip6/CMIP6/ScenarioMIP/CCCma/CanESM5/ssp119/r16i1p2f1/Amon/rsds/gn/v20190429/"
"344","gs://cmip6/CMIP6/ScenarioMIP/CCCma/CanESM5/ssp119/r19i1p1f1/Amon/rsds/gn/v20190429/"
"345","gs://cmip6/CMIP6/ScenarioMIP/CCCma/CanESM5/ssp119/r15i1p2f1/Amon/rsds/gn/v20190429/"
"346","gs://cmip6/CMIP6/ScenarioMIP/CCCma/CanESM5/ssp119/r1i1p2f1/Amon/rsds/gn/v20190429/"
"347","gs://cmip6/CMIP6/ScenarioMIP/CCCma/CanESM5/ssp119/r19i1p2f1/Amon/rsds/gn/v20190429/"
"348","gs://cmip6/CMIP6/ScenarioMIP/CCCma/CanESM5/ssp119/r18i1p1f1/Amon/rsds/gn/v20190429/"
"349","gs://cmip6/CMIP6/ScenarioMIP/CCCma/CanESM5/ssp119/r1i1p1f1/Amon/rsds/gn/v20190429/"
"350","gs://cmip6/CMIP6/ScenarioMIP/CCCma/CanESM5/ssp119/r17i1p2f1/Amon/rsds/gn/v20190429/"
"351","gs://cmip6/CMIP6/ScenarioMIP/CCCma/CanESM5/ssp119/r16i1p1f1/Amon/rsds/gn/v20190429/"
"352","gs://cmip6/CMIP6/ScenarioMIP/CCCma/CanESM5/ssp119/r15i1p1f1/Amon/rsds/gn/v20190429/"
"353","gs://cmip6/CMIP6/ScenarioMIP/CCCma/CanESM5/ssp119/r17i1p1f1/Amon/rsds/gn/v20190429/"
"354","gs://cmip6/CMIP6/ScenarioMIP/CCCma/CanESM5/ssp119/r9i1p1f1/Amon/rsds/gn/v20190429/"
"355","gs://cmip6/CMIP6/ScenarioMIP/CCCma/CanESM5/ssp126/r10i1p2f1/Amon/rsds/gn/v20190429/"
"356","gs://cmip6/CMIP6/ScenarioMIP/CCCma/CanESM5/ssp119/r21i1p2f1/Amon/rsds/gn/v20190429/"
"357","gs://cmip6/CMIP6/ScenarioMIP/CCCma/CanESM5/ssp119/r4i1p1f1/Amon/rsds/gn/v20190429/"
"358","gs://cmip6/CMIP6/ScenarioMIP/CCCma/CanESM5/ssp119/r4i1p2f1/Amon/rsds/gn/v20190429/"
"359","gs://cmip6/CMIP6/ScenarioMIP/CCCma/CanESM5/ssp126/r10i1p1f1/Amon/rsds/gn/v20190429/"
"360","gs://cmip6/CMIP6/ScenarioMIP/CCCma/CanESM5/ssp119/r9i1p2f1/Amon/rsds/gn/v20190429/"
"361","gs://cmip6/CMIP6/ScenarioMIP/CCCma/CanESM5/ssp119/r8i1p2f1/Amon/rsds/gn/v20190429/"
"362","gs://cmip6/CMIP6/ScenarioMIP/CCCma/CanESM5/ssp126/r11i1p1f1/Amon/rsds/gn/v20190429/"
"363","gs://cmip6/CMIP6/ScenarioMIP/CCCma/CanESM5/ssp119/r22i1p1f1/Amon/rsds/gn/v20190429/"
"364","gs://cmip6/CMIP6/ScenarioMIP/CCCma/CanESM5/ssp119/r24i1p1f1/Amon/rsds/gn/v20190429/"
"365","gs://cmip6/CMIP6/ScenarioMIP/CCCma/CanESM5/ssp119/r22i1p2f1/Amon/rsds/gn/v20190429/"
"366","gs://cmip6/CMIP6/ScenarioMIP/CCCma/CanESM5/ssp119/r2i1p1f1/Amon/rsds/gn/v20190429/"
"367","gs://cmip6/CMIP6/ScenarioMIP/CCCma/CanESM5/ssp119/r25i1p2f1/Amon/rsds/gn/v20190429/"
"368","gs://cmip6/CMIP6/ScenarioMIP/CCCma/CanESM5/ssp119/r23i1p2f1/Amon/rsds/gn/v20190429/"
"369","gs://cmip6/CMIP6/ScenarioMIP/CCCma/CanESM5/ssp119/r23i1p1f1/Amon/rsds/gn/v20190429/"
"370","gs://cmip6/CMIP6/ScenarioMIP/CCCma/CanESM5/ssp119/r13i1p1f1/Amon/rsds/gn/v20190429/"
"371","gs://cmip6/CMIP6/ScenarioMIP/CCCma/CanESM5/ssp119/r24i1p2f1/Amon/rsds/gn/v20190429/"
"372","gs://cmip6/CMIP6/ScenarioMIP/CCCma/CanESM5/ssp119/r2i1p2f1/Amon/rsds/gn/v20190429/"
"373","gs://cmip6/CMIP6/ScenarioMIP/CCCma/CanESM5/ssp119/r25i1p1f1/Amon/rsds/gn/v20190429/"
"374","gs://cmip6/CMIP6/ScenarioMIP/CCCma/CanESM5/ssp585/r25i1p1f1/Amon/rsds/gn/v20190429/"
"375","gs://cmip6/CMIP6/ScenarioMIP/CCCma/CanESM5/ssp585/r25i1p2f1/Amon/rsds/gn/v20190429/"
"376","gs://cmip6/CMIP6/ScenarioMIP/CCCma/CanESM5/ssp585/r24i1p2f1/Amon/rsds/gn/v20190429/"
"377","gs://cmip6/CMIP6/ScenarioMIP/CCCma/CanESM5/ssp585/r23i1p1f1/Amon/rsds/gn/v20190429/"
"378","gs://cmip6/CMIP6/ScenarioMIP/CCCma/CanESM5/ssp585/r24i1p1f1/Amon/rsds/gn/v20190429/"
"379","gs://cmip6/CMIP6/ScenarioMIP/CCCma/CanESM5/ssp585/r23i1p2f1/Amon/rsds/gn/v20190429/"
"380","gs://cmip6/CMIP6/ScenarioMIP/CCCma/CanESM5/ssp585/r6i1p2f1/Amon/rsds/gn/v20190429/"
"381","gs://cmip6/CMIP6/ScenarioMIP/CCCma/CanESM5/ssp585/r7i1p1f1/Amon/rsds/gn/v20190429/"
"382","gs://cmip6/CMIP6/ScenarioMIP/CCCma/CanESM5/ssp585/r2i1p2f1/Amon/rsds/gn/v20190429/"
"383","gs://cmip6/CMIP6/ScenarioMIP/CCCma/CanESM5/ssp585/r3i1p1f1/Amon/rsds/gn/v20190429/"
"384","gs://cmip6/CMIP6/ScenarioMIP/CCCma/CanESM5/ssp585/r3i1p2f1/Amon/rsds/gn/v20190429/"
"385","gs://cmip6/CMIP6/ScenarioMIP/CCCma/CanESM5/ssp585/r2i1p1f1/Amon/rsds/gn/v20190429/"
"386","gs://cmip6/CMIP6/ScenarioMIP/CCCma/CanESM5/ssp119/r8i1p1f1/Amon/rsds/gn/v20190429/"
"387","gs://cmip6/CMIP6/ScenarioMIP/CCCma/CanESM5/ssp119/r7i1p1f1/Amon/rsds/gn/v20190429/"
"388","gs://cmip6/CMIP6/ScenarioMIP/CCCma/CanESM5/ssp119/r6i1p2f1/Amon/rsds/gn/v20190429/"
"389","gs://cmip6/CMIP6/ScenarioMIP/CCCma/CanESM5/ssp119/r6i1p1f1/Amon/rsds/gn/v20190429/"
"390","gs://cmip6/CMIP6/ScenarioMIP/CCCma/CanESM5/ssp119/r5i1p2f1/Amon/rsds/gn/v20190429/"
"391","gs://cmip6/CMIP6/ScenarioMIP/CCCma/CanESM5/ssp119/r3i1p1f1/Amon/rsds/gn/v20190429/"
"392","gs://cmip6/CMIP6/ScenarioMIP/CCCma/CanESM5/ssp119/r5i1p1f1/Amon/rsds/gn/v20190429/"
"393","gs://cmip6/CMIP6/ScenarioMIP/CCCma/CanESM5/ssp119/r7i1p2f1/Amon/rsds/gn/v20190429/"
"394","gs://cmip6/CMIP6/ScenarioMIP/CCCma/CanESM5/ssp119/r3i1p2f1/Amon/rsds/gn/v20190429/"
"395","gs://cmip6/CMIP6/ScenarioMIP/CCCma/CanESM5/ssp585/r4i1p2f1/Amon/rsds/gn/v20190429/"
"396","gs://cmip6/CMIP6/ScenarioMIP/CCCma/CanESM5/ssp585/r7i1p2f1/Amon/rsds/gn/v20190429/"
"397","gs://cmip6/CMIP6/ScenarioMIP/CCCma/CanESM5/ssp585/r8i1p1f1/Amon/rsds/gn/v20190429/"
"398","gs://cmip6/CMIP6/ScenarioMIP/CCCma/CanESM5/ssp585/r5i1p1f1/Amon/rsds/gn/v20190429/"
"399","gs://cmip6/CMIP6/ScenarioMIP/CCCma/CanESM5/ssp585/r6i1p1f1/Amon/rsds/gn/v20190429/"
"400","gs://cmip6/CMIP6/ScenarioMIP/CCCma/CanESM5/ssp585/r4i1p1f1/Amon/rsds/gn/v20190429/"
"401","gs://cmip6/CMIP6/ScenarioMIP/CCCma/CanESM5/ssp585/r5i1p2f1/Amon/rsds/gn/v20190429/"
"402","gs://cmip6/CMIP6/ScenarioMIP/CCCma/CanESM5/ssp245/r13i1p1f1/Amon/rsds/gn/v20190429/"
"403","gs://cmip6/CMIP6/ScenarioMIP/CCCma/CanESM5/ssp126/r14i1p2f1/Amon/rsds/gn/v20190429/"
"404","gs://cmip6/CMIP6/ScenarioMIP/CCCma/CanESM5/ssp126/r4i1p2f1/Amon/rsds/gn/v20190429/"
"405","gs://cmip6/CMIP6/ScenarioMIP/CCCma/CanESM5/ssp126/r5i1p1f1/Amon/rsds/gn/v20190429/"
"406","gs://cmip6/CMIP6/ScenarioMIP/CCCma/CanESM5/ssp245/r11i1p2f1/Amon/rsds/gn/v20190429/"
"407","gs://cmip6/CMIP6/ScenarioMIP/CCCma/CanESM5/ssp126/r23i1p1f1/Amon/rsds/gn/v20190429/"
"408","gs://cmip6/CMIP6/ScenarioMIP/CCCma/CanESM5/ssp245/r10i1p2f1/Amon/rsds/gn/v20190429/"
"409","gs://cmip6/CMIP6/ScenarioMIP/CCCma/CanESM5/ssp126/r23i1p2f1/Amon/rsds/gn/v20190429/"
"410","gs://cmip6/CMIP6/ScenarioMIP/CCCma/CanESM5/ssp126/r24i1p1f1/Amon/rsds/gn/v20190429/"
"411","gs://cmip6/CMIP6/ScenarioMIP/CCCma/CanESM5/ssp126/r24i1p2f1/Amon/rsds/gn/v20190429/"
"412","gs://cmip6/CMIP6/ScenarioMIP/CCCma/CanESM5/ssp126/r5i1p2f1/Amon/rsds/gn/v20190429/"
"413","gs://cmip6/CMIP6/ScenarioMIP/CCCma/CanESM5/ssp245/r19i1p1f1/Amon/rsds/gn/v20190429/"
"414","gs://cmip6/CMIP6/ScenarioMIP/CCCma/CanESM5/ssp126/r6i1p1f1/Amon/rsds/gn/v20190429/"
"415","gs://cmip6/CMIP6/ScenarioMIP/CCCma/CanESM5/ssp126/r3i1p2f1/Amon/rsds/gn/v20190429/"
"416","gs://cmip6/CMIP6/ScenarioMIP/CCCma/CanESM5/ssp126/r4i1p1f1/Amon/rsds/gn/v20190429/"
"417","gs://cmip6/CMIP6/ScenarioMIP/CCCma/CanESM5/ssp245/r19i1p2f1/Amon/rsds/gn/v20190429/"
"418","gs://cmip6/CMIP6/ScenarioMIP/CCCma/CanESM5/ssp126/r19i1p1f1/Amon/rsds/gn/v20190429/"
"419","gs://cmip6/CMIP6/ScenarioMIP/CCCma/CanESM5/ssp126/r1i1p1f1/Amon/rsds/gn/v20190429/"
"420","gs://cmip6/CMIP6/ScenarioMIP/CCCma/CanESM5/ssp126/r18i1p2f1/Amon/rsds/gn/v20190429/"
"421","gs://cmip6/CMIP6/ScenarioMIP/CCCma/CanESM5/ssp126/r18i1p1f1/Amon/rsds/gn/v20190429/"
"422","gs://cmip6/CMIP6/ScenarioMIP/CCCma/CanESM5/ssp126/r17i1p1f1/Amon/rsds/gn/v20190429/"
"423","gs://cmip6/CMIP6/ScenarioMIP/CCCma/CanESM5/ssp126/r17i1p2f1/Amon/rsds/gn/v20190429/"
"424","gs://cmip6/CMIP6/ScenarioMIP/CCCma/CanESM5/ssp126/r1i1p2f1/Amon/rsds/gn/v20190429/"
"425","gs://cmip6/CMIP6/ScenarioMIP/CCCma/CanESM5/ssp126/r16i1p1f1/Amon/rsds/gn/v20190429/"
"426","gs://cmip6/CMIP6/ScenarioMIP/CCCma/CanESM5/ssp126/r16i1p2f1/Amon/rsds/gn/v20190429/"
"427","gs://cmip6/CMIP6/ScenarioMIP/CCCma/CanESM5/ssp126/r15i1p1f1/Amon/rsds/gn/v20190429/"
"428","gs://cmip6/CMIP6/ScenarioMIP/CCCma/CanESM5/ssp126/r12i1p2f1/Amon/rsds/gn/v20190429/"
"429","gs://cmip6/CMIP6/ScenarioMIP/CCCma/CanESM5/ssp126/r12i1p1f1/Amon/rsds/gn/v20190429/"
"430","gs://cmip6/CMIP6/ScenarioMIP/CCCma/CanESM5/ssp126/r14i1p1f1/Amon/rsds/gn/v20190429/"
"431","gs://cmip6/CMIP6/ScenarioMIP/CCCma/CanESM5/ssp126/r15i1p2f1/Amon/rsds/gn/v20190429/"
"432","gs://cmip6/CMIP6/ScenarioMIP/CCCma/CanESM5/ssp126/r13i1p1f1/Amon/rsds/gn/v20190429/"
"433","gs://cmip6/CMIP6/ScenarioMIP/CCCma/CanESM5/ssp126/r19i1p2f1/Amon/rsds/gn/v20190429/"
"434","gs://cmip6/CMIP6/ScenarioMIP/CCCma/CanESM5/ssp126/r11i1p2f1/Amon/rsds/gn/v20190429/"
"435","gs://cmip6/CMIP6/ScenarioMIP/CCCma/CanESM5/ssp126/r13i1p2f1/Amon/rsds/gn/v20190429/"
"436","gs://cmip6/CMIP6/ScenarioMIP/MOHC/UKESM1-0-LL/ssp126/r1i1p1f2/Amon/rsds/gn/v20190503/"
"437","gs://cmip6/CMIP6/ScenarioMIP/IPSL/IPSL-CM6A-LR/ssp434/r1i1p1f1/Amon/rsds/gr/v20190506/"
"438","gs://cmip6/CMIP6/ScenarioMIP/IPSL/IPSL-CM6A-LR/ssp460/r1i1p1f1/Amon/rsds/gr/v20190506/"
"439","gs://cmip6/CMIP6/ScenarioMIP/MOHC/UKESM1-0-LL/ssp245/r3i1p1f2/Amon/rsds/gn/v20190507/"
"440","gs://cmip6/CMIP6/ScenarioMIP/MOHC/UKESM1-0-LL/ssp585/r4i1p1f2/Amon/rsds/gn/v20190507/"
"441","gs://cmip6/CMIP6/ScenarioMIP/MOHC/UKESM1-0-LL/ssp585/r1i1p1f2/Amon/rsds/gn/v20190507/"
"442","gs://cmip6/CMIP6/ScenarioMIP/MOHC/UKESM1-0-LL/ssp245/r4i1p1f2/Amon/rsds/gn/v20190507/"
"443","gs://cmip6/CMIP6/ScenarioMIP/MOHC/UKESM1-0-LL/ssp245/r2i1p1f2/Amon/rsds/gn/v20190507/"
"444","gs://cmip6/CMIP6/ScenarioMIP/MOHC/UKESM1-0-LL/ssp585/r3i1p1f2/Amon/rsds/gn/v20190507/"
"445","gs://cmip6/CMIP6/ScenarioMIP/MOHC/UKESM1-0-LL/ssp126/r4i1p1f2/Amon/rsds/gn/v20190507/"
"446","gs://cmip6/CMIP6/ScenarioMIP/MOHC/UKESM1-0-LL/ssp585/r2i1p1f2/Amon/rsds/gn/v20190507/"
"447","gs://cmip6/CMIP6/ScenarioMIP/MOHC/UKESM1-0-LL/ssp126/r2i1p1f2/Amon/rsds/gn/v20190507/"
"448","gs://cmip6/CMIP6/ScenarioMIP/MOHC/UKESM1-0-LL/ssp245/r1i1p1f2/Amon/rsds/gn/v20190507/"
"449","gs://cmip6/CMIP6/ScenarioMIP/MOHC/UKESM1-0-LL/ssp126/r3i1p1f2/Amon/rsds/gn/v20190507/"
"450","gs://cmip6/CMIP6/ScenarioMIP/MOHC/UKESM1-0-LL/ssp126/r8i1p1f2/Amon/rsds/gn/v20190510/"
"451","gs://cmip6/CMIP6/ScenarioMIP/MOHC/UKESM1-0-LL/ssp245/r8i1p1f2/Amon/rsds/gn/v20190510/"
"452","gs://cmip6/CMIP6/ScenarioMIP/MOHC/UKESM1-0-LL/ssp370/r8i1p1f2/Amon/rsds/gn/v20190510/"
"453","gs://cmip6/CMIP6/ScenarioMIP/MOHC/UKESM1-0-LL/ssp370/r4i1p1f2/Amon/rsds/gn/v20190510/"
"454","gs://cmip6/CMIP6/ScenarioMIP/MOHC/UKESM1-0-LL/ssp370/r3i1p1f2/Amon/rsds/gn/v20190510/"
"455","gs://cmip6/CMIP6/ScenarioMIP/MOHC/UKESM1-0-LL/ssp585/r8i1p1f2/Amon/rsds/gn/v20190510/"
"456","gs://cmip6/CMIP6/ScenarioMIP/MOHC/UKESM1-0-LL/ssp370/r2i1p1f2/Amon/rsds/gn/v20190510/"
"457","gs://cmip6/CMIP6/ScenarioMIP/MOHC/UKESM1-0-LL/ssp370/r1i1p1f2/Amon/rsds/gn/v20190510/"
"458","gs://cmip6/CMIP6/ScenarioMIP/IPSL/IPSL-CM6A-LR/ssp245/r2i1p1f1/Amon/rsds/gr/v20190516/"
"459","gs://cmip6/CMIP6/CMIP/INM/INM-CM4-8/abrupt-4xCO2/r1i1p1f1/Amon/rsds/gr1/v20190529/"
"460","gs://cmip6/CMIP6/CMIP/INM/INM-CM4-8/1pctCO2/r1i1p1f1/Amon/rsds/gr1/v20190530/"
"461","gs://cmip6/CMIP6/ScenarioMIP/INM/INM-CM4-8/ssp585/r1i1p1f1/Amon/rsds/gr1/v20190603/"
"462","gs://cmip6/CMIP6/CMIP/MOHC/UKESM1-0-LL/1pctCO2/r2i1p1f2/Amon/rsds/gn/v20190603/"
"463","gs://cmip6/CMIP6/ScenarioMIP/INM/INM-CM4-8/ssp126/r1i1p1f1/Amon/rsds/gr1/v20190603/"
"464","gs://cmip6/CMIP6/ScenarioMIP/INM/INM-CM4-8/ssp245/r1i1p1f1/Amon/rsds/gr1/v20190603/"
"465","gs://cmip6/CMIP6/ScenarioMIP/INM/INM-CM4-8/ssp370/r1i1p1f1/Amon/rsds/gr1/v20190603/"
"466","gs://cmip6/CMIP6/CMIP/MOHC/UKESM1-0-LL/1pctCO2/r3i1p1f2/Amon/rsds/gn/v20190604/"
"467","gs://cmip6/CMIP6/CMIP/MOHC/UKESM1-0-LL/1pctCO2/r4i1p1f2/Amon/rsds/gn/v20190604/"
"468","gs://cmip6/CMIP6/CMIP/INM/INM-CM5-0/abrupt-4xCO2/r1i1p1f1/Amon/rsds/gr1/v20190610/"
"469","gs://cmip6/CMIP6/CMIP/BCC/BCC-ESM1/abrupt-4xCO2/r1i1p1f1/Amon/rsds/gn/v20190613/"
"470","gs://cmip6/CMIP6/CMIP/BCC/BCC-ESM1/1pctCO2/r1i1p1f1/Amon/rsds/gn/v20190613/"
"471","gs://cmip6/CMIP6/ScenarioMIP/INM/INM-CM5-0/ssp370/r1i1p1f1/Amon/rsds/gr1/v20190618/"
"472","gs://cmip6/CMIP6/ScenarioMIP/INM/INM-CM5-0/ssp245/r1i1p1f1/Amon/rsds/gr1/v20190619/"
"473","gs://cmip6/CMIP6/ScenarioMIP/INM/INM-CM5-0/ssp126/r1i1p1f1/Amon/rsds/gr1/v20190619/"
"474","gs://cmip6/CMIP6/CMIP/MOHC/HadGEM3-GC31-LL/1pctCO2/r1i1p1f3/Amon/rsds/gn/v20190620/"
"475","gs://cmip6/CMIP6/CMIP/MOHC/HadGEM3-GC31-LL/abrupt-4xCO2/r1i1p1f3/Amon/rsds/gn/v20190620/"
"476","gs://cmip6/CMIP6/ScenarioMIP/MIROC/MIROC6/ssp126/r1i1p1f1/Amon/rsds/gn/v20190627/"
"477","gs://cmip6/CMIP6/ScenarioMIP/MIROC/MIROC6/ssp126/r3i1p1f1/Amon/rsds/gn/v20190627/"
"478","gs://cmip6/CMIP6/ScenarioMIP/MIROC/MIROC6/ssp370/r3i1p1f1/Amon/rsds/gn/v20190627/"
"479","gs://cmip6/CMIP6/ScenarioMIP/MIROC/MIROC6/ssp585/r1i1p1f1/Amon/rsds/gn/v20190627/"
"480","gs://cmip6/CMIP6/ScenarioMIP/MIROC/MIROC6/ssp126/r2i1p1f1/Amon/rsds/gn/v20190627/"
"481","gs://cmip6/CMIP6/ScenarioMIP/MIROC/MIROC6/ssp245/r1i1p1f1/Amon/rsds/gn/v20190627/"
"482","gs://cmip6/CMIP6/ScenarioMIP/MIROC/MIROC6/ssp245/r3i1p1f1/Amon/rsds/gn/v20190627/"
"483","gs://cmip6/CMIP6/ScenarioMIP/MIROC/MIROC6/ssp245/r2i1p1f1/Amon/rsds/gn/v20190627/"
"484","gs://cmip6/CMIP6/ScenarioMIP/MIROC/MIROC6/ssp370/r2i1p1f1/Amon/rsds/gn/v20190627/"
"485","gs://cmip6/CMIP6/ScenarioMIP/MIROC/MIROC6/ssp370/r1i1p1f1/Amon/rsds/gn/v20190627/"
"486","gs://cmip6/CMIP6/ScenarioMIP/MIROC/MIROC6/ssp585/r3i1p1f1/Amon/rsds/gn/v20190627/"
"487","gs://cmip6/CMIP6/ScenarioMIP/MIROC/MIROC6/ssp585/r2i1p1f1/Amon/rsds/gn/v20190627/"
"488","gs://cmip6/CMIP6/ScenarioMIP/HAMMOZ-Consortium/MPI-ESM-1-2-HAM/ssp370/r1i1p1f1/Amon/rsds/gn/v20190628/"
"489","gs://cmip6/CMIP6/ScenarioMIP/HAMMOZ-Consortium/MPI-ESM-1-2-HAM/ssp370/r2i1p1f1/Amon/rsds/gn/v20190628/"
"490","gs://cmip6/CMIP6/CMIP/HAMMOZ-Consortium/MPI-ESM-1-2-HAM/abrupt-4xCO2/r1i1p1f1/Amon/rsds/gn/v20190628/"
"491","gs://cmip6/CMIP6/CMIP/HAMMOZ-Consortium/MPI-ESM-1-2-HAM/1pctCO2/r1i1p1f1/Amon/rsds/gn/v20190628/"
"492","gs://cmip6/CMIP6/CMIP/NASA-GISS/GISS-E2-1-G/abrupt-4xCO2/r1i1p3f1/Amon/rsds/gn/v20190702/"
"493","gs://cmip6/CMIP6/CMIP/NASA-GISS/GISS-E2-1-G/1pctCO2/r1i1p3f1/Amon/rsds/gn/v20190702/"
"494","gs://cmip6/CMIP6/CMIP/MIROC/MIROC6/abrupt-4xCO2/r1i1p1f1/Amon/rsds/gn/v20190705/"
"495","gs://cmip6/CMIP6/CMIP/NUIST/NESM3/1pctCO2/r1i1p1f1/Amon/rsds/gn/v20190707/"
"496","gs://cmip6/CMIP6/CMIP/NUIST/NESM3/abrupt-4xCO2/r1i1p1f1/Amon/rsds/gn/v20190707/"
"497","gs://cmip6/CMIP6/ScenarioMIP/CAMS/CAMS-CSM1-0/ssp370/r1i1p1f1/Amon/rsds/gn/v20190708/"
"498","gs://cmip6/CMIP6/ScenarioMIP/CAMS/CAMS-CSM1-0/ssp585/r1i1p1f1/Amon/rsds/gn/v20190708/"
"499","gs://cmip6/CMIP6/ScenarioMIP/CAMS/CAMS-CSM1-0/ssp119/r1i1p1f1/Amon/rsds/gn/v20190708/"
"500","gs://cmip6/CMIP6/CMIP/CAMS/CAMS-CSM1-0/abrupt-4xCO2/r1i1p1f1/Amon/rsds/gn/v20190708/"
"501","gs://cmip6/CMIP6/ScenarioMIP/CAMS/CAMS-CSM1-0/ssp245/r1i1p1f1/Amon/rsds/gn/v20190708/"
"502","gs://cmip6/CMIP6/ScenarioMIP/CAMS/CAMS-CSM1-0/ssp126/r1i1p1f1/Amon/rsds/gn/v20190708/"
"503","gs://cmip6/CMIP6/CMIP/CAMS/CAMS-CSM1-0/1pctCO2/r1i1p1f1/Amon/rsds/gn/v20190708/"
"504","gs://cmip6/CMIP6/ScenarioMIP/MPI-M/MPI-ESM1-2-LR/ssp245/r4i1p1f1/Amon/rsds/gn/v20190710/"
"505","gs://cmip6/CMIP6/ScenarioMIP/MPI-M/MPI-ESM1-2-LR/ssp245/r2i1p1f1/Amon/rsds/gn/v20190710/"
"506","gs://cmip6/CMIP6/ScenarioMIP/MPI-M/MPI-ESM1-2-LR/ssp245/r1i1p1f1/Amon/rsds/gn/v20190710/"
"507","gs://cmip6/CMIP6/ScenarioMIP/MPI-M/MPI-ESM1-2-LR/ssp245/r10i1p1f1/Amon/rsds/gn/v20190710/"
"508","gs://cmip6/CMIP6/ScenarioMIP/MPI-M/MPI-ESM1-2-LR/ssp245/r3i1p1f1/Amon/rsds/gn/v20190710/"
"509","gs://cmip6/CMIP6/ScenarioMIP/MPI-M/MPI-ESM1-2-LR/ssp245/r5i1p1f1/Amon/rsds/gn/v20190710/"
"510","gs://cmip6/CMIP6/ScenarioMIP/MPI-M/MPI-ESM1-2-LR/ssp245/r6i1p1f1/Amon/rsds/gn/v20190710/"
"511","gs://cmip6/CMIP6/ScenarioMIP/MPI-M/MPI-ESM1-2-LR/ssp370/r10i1p1f1/Amon/rsds/gn/v20190710/"
"512","gs://cmip6/CMIP6/ScenarioMIP/MPI-M/MPI-ESM1-2-LR/ssp245/r7i1p1f1/Amon/rsds/gn/v20190710/"
"513","gs://cmip6/CMIP6/ScenarioMIP/MPI-M/MPI-ESM1-2-LR/ssp245/r8i1p1f1/Amon/rsds/gn/v20190710/"
"514","gs://cmip6/CMIP6/ScenarioMIP/DKRZ/MPI-ESM1-2-HR/ssp245/r2i1p1f1/Amon/rsds/gn/v20190710/"
"515","gs://cmip6/CMIP6/ScenarioMIP/MPI-M/MPI-ESM1-2-LR/ssp245/r9i1p1f1/Amon/rsds/gn/v20190710/"
"516","gs://cmip6/CMIP6/ScenarioMIP/DKRZ/MPI-ESM1-2-HR/ssp370/r10i1p1f1/Amon/rsds/gn/v20190710/"
"517","gs://cmip6/CMIP6/CMIP/MPI-M/MPI-ESM1-2-HR/1pctCO2/r1i1p1f1/Amon/rsds/gn/v20190710/"
"518","gs://cmip6/CMIP6/ScenarioMIP/MPI-M/MPI-ESM1-2-LR/ssp585/r7i1p1f1/Amon/rsds/gn/v20190710/"
"519","gs://cmip6/CMIP6/ScenarioMIP/MPI-M/MPI-ESM1-2-LR/ssp585/r6i1p1f1/Amon/rsds/gn/v20190710/"
"520","gs://cmip6/CMIP6/CMIP/MPI-M/MPI-ESM1-2-HR/abrupt-4xCO2/r1i1p1f1/Amon/rsds/gn/v20190710/"
"521","gs://cmip6/CMIP6/ScenarioMIP/MPI-M/MPI-ESM1-2-LR/ssp585/r9i1p1f1/Amon/rsds/gn/v20190710/"
"522","gs://cmip6/CMIP6/ScenarioMIP/MPI-M/MPI-ESM1-2-LR/ssp585/r8i1p1f1/Amon/rsds/gn/v20190710/"
"523","gs://cmip6/CMIP6/ScenarioMIP/MPI-M/MPI-ESM1-2-LR/ssp370/r5i1p1f1/Amon/rsds/gn/v20190710/"
"524","gs://cmip6/CMIP6/ScenarioMIP/MPI-M/MPI-ESM1-2-LR/ssp370/r7i1p1f1/Amon/rsds/gn/v20190710/"
"525","gs://cmip6/CMIP6/ScenarioMIP/MPI-M/MPI-ESM1-2-LR/ssp585/r10i1p1f1/Amon/rsds/gn/v20190710/"
"526","gs://cmip6/CMIP6/ScenarioMIP/MPI-M/MPI-ESM1-2-LR/ssp370/r1i1p1f1/Amon/rsds/gn/v20190710/"
"527","gs://cmip6/CMIP6/ScenarioMIP/MPI-M/MPI-ESM1-2-LR/ssp585/r2i1p1f1/Amon/rsds/gn/v20190710/"
"528","gs://cmip6/CMIP6/ScenarioMIP/MPI-M/MPI-ESM1-2-LR/ssp370/r3i1p1f1/Amon/rsds/gn/v20190710/"
"529","gs://cmip6/CMIP6/ScenarioMIP/MPI-M/MPI-ESM1-2-LR/ssp370/r6i1p1f1/Amon/rsds/gn/v20190710/"
"530","gs://cmip6/CMIP6/ScenarioMIP/MPI-M/MPI-ESM1-2-LR/ssp370/r8i1p1f1/Amon/rsds/gn/v20190710/"
"531","gs://cmip6/CMIP6/ScenarioMIP/MPI-M/MPI-ESM1-2-LR/ssp370/r9i1p1f1/Amon/rsds/gn/v20190710/"
"532","gs://cmip6/CMIP6/ScenarioMIP/MPI-M/MPI-ESM1-2-LR/ssp126/r8i1p1f1/Amon/rsds/gn/v20190710/"
"533","gs://cmip6/CMIP6/ScenarioMIP/MPI-M/MPI-ESM1-2-LR/ssp126/r9i1p1f1/Amon/rsds/gn/v20190710/"
"534","gs://cmip6/CMIP6/ScenarioMIP/MPI-M/MPI-ESM1-2-LR/ssp585/r1i1p1f1/Amon/rsds/gn/v20190710/"
"535","gs://cmip6/CMIP6/ScenarioMIP/MPI-M/MPI-ESM1-2-LR/ssp585/r3i1p1f1/Amon/rsds/gn/v20190710/"
"536","gs://cmip6/CMIP6/ScenarioMIP/MPI-M/MPI-ESM1-2-LR/ssp370/r2i1p1f1/Amon/rsds/gn/v20190710/"
"537","gs://cmip6/CMIP6/ScenarioMIP/DKRZ/MPI-ESM1-2-HR/ssp245/r1i1p1f1/Amon/rsds/gn/v20190710/"
"538","gs://cmip6/CMIP6/ScenarioMIP/DKRZ/MPI-ESM1-2-HR/ssp126/r1i1p1f1/Amon/rsds/gn/v20190710/"
"539","gs://cmip6/CMIP6/ScenarioMIP/MPI-M/MPI-ESM1-2-LR/ssp126/r5i1p1f1/Amon/rsds/gn/v20190710/"
"540","gs://cmip6/CMIP6/ScenarioMIP/MPI-M/MPI-ESM1-2-LR/ssp126/r6i1p1f1/Amon/rsds/gn/v20190710/"
"541","gs://cmip6/CMIP6/ScenarioMIP/MPI-M/MPI-ESM1-2-LR/ssp126/r7i1p1f1/Amon/rsds/gn/v20190710/"
"542","gs://cmip6/CMIP6/ScenarioMIP/MPI-M/MPI-ESM1-2-LR/ssp126/r4i1p1f1/Amon/rsds/gn/v20190710/"
"543","gs://cmip6/CMIP6/ScenarioMIP/DKRZ/MPI-ESM1-2-HR/ssp370/r3i1p1f1/Amon/rsds/gn/v20190710/"
"544","gs://cmip6/CMIP6/ScenarioMIP/DKRZ/MPI-ESM1-2-HR/ssp370/r4i1p1f1/Amon/rsds/gn/v20190710/"
"545","gs://cmip6/CMIP6/ScenarioMIP/MPI-M/MPI-ESM1-2-LR/ssp126/r10i1p1f1/Amon/rsds/gn/v20190710/"
"546","gs://cmip6/CMIP6/ScenarioMIP/MPI-M/MPI-ESM1-2-LR/ssp126/r2i1p1f1/Amon/rsds/gn/v20190710/"
"547","gs://cmip6/CMIP6/ScenarioMIP/MPI-M/MPI-ESM1-2-LR/ssp126/r1i1p1f1/Amon/rsds/gn/v20190710/"
"548","gs://cmip6/CMIP6/ScenarioMIP/MPI-M/MPI-ESM1-2-LR/ssp126/r3i1p1f1/Amon/rsds/gn/v20190710/"
"549","gs://cmip6/CMIP6/ScenarioMIP/MPI-M/MPI-ESM1-2-LR/ssp585/r4i1p1f1/Amon/rsds/gn/v20190710/"
"550","gs://cmip6/CMIP6/ScenarioMIP/MPI-M/MPI-ESM1-2-LR/ssp585/r5i1p1f1/Amon/rsds/gn/v20190710/"
"551","gs://cmip6/CMIP6/CMIP/MPI-M/MPI-ESM1-2-LR/abrupt-4xCO2/r1i1p1f1/Amon/rsds/gn/v20190710/"
"552","gs://cmip6/CMIP6/ScenarioMIP/DKRZ/MPI-ESM1-2-HR/ssp370/r9i1p1f1/Amon/rsds/gn/v20190710/"
"553","gs://cmip6/CMIP6/CMIP/MPI-M/MPI-ESM1-2-LR/1pctCO2/r1i1p1f1/Amon/rsds/gn/v20190710/"
"554","gs://cmip6/CMIP6/ScenarioMIP/DKRZ/MPI-ESM1-2-HR/ssp370/r1i1p1f1/Amon/rsds/gn/v20190710/"
"555","gs://cmip6/CMIP6/ScenarioMIP/DKRZ/MPI-ESM1-2-HR/ssp370/r2i1p1f1/Amon/rsds/gn/v20190710/"
"556","gs://cmip6/CMIP6/ScenarioMIP/DWD/MPI-ESM1-2-HR/ssp126/r2i1p1f1/Amon/rsds/gn/v20190710/"
"557","gs://cmip6/CMIP6/ScenarioMIP/DKRZ/MPI-ESM1-2-HR/ssp370/r6i1p1f1/Amon/rsds/gn/v20190710/"
"558","gs://cmip6/CMIP6/ScenarioMIP/DKRZ/MPI-ESM1-2-HR/ssp370/r5i1p1f1/Amon/rsds/gn/v20190710/"
"559","gs://cmip6/CMIP6/ScenarioMIP/DKRZ/MPI-ESM1-2-HR/ssp370/r7i1p1f1/Amon/rsds/gn/v20190710/"
"560","gs://cmip6/CMIP6/ScenarioMIP/DKRZ/MPI-ESM1-2-HR/ssp370/r8i1p1f1/Amon/rsds/gn/v20190710/"
"561","gs://cmip6/CMIP6/ScenarioMIP/DWD/MPI-ESM1-2-HR/ssp585/r2i1p1f1/Amon/rsds/gn/v20190710/"
"562","gs://cmip6/CMIP6/ScenarioMIP/DKRZ/MPI-ESM1-2-HR/ssp585/r1i1p1f1/Amon/rsds/gn/v20190710/"
"563","gs://cmip6/CMIP6/ScenarioMIP/INM/INM-CM5-0/ssp370/r2i1p1f1/Amon/rsds/gr1/v20190712/"
"564","gs://cmip6/CMIP6/ScenarioMIP/INM/INM-CM5-0/ssp370/r3i1p1f1/Amon/rsds/gr1/v20190715/"
"565","gs://cmip6/CMIP6/CMIP/E3SM-Project/E3SM-1-0/abrupt-4xCO2/r1i1p1f1/Amon/rsds/gr/v20190718/"
"566","gs://cmip6/CMIP6/CMIP/E3SM-Project/E3SM-1-0/1pctCO2/r1i1p1f1/Amon/rsds/gr/v20190718/"
"567","gs://cmip6/CMIP6/ScenarioMIP/INM/INM-CM5-0/ssp370/r5i1p1f1/Amon/rsds/gr1/v20190722/"
"568","gs://cmip6/CMIP6/CMIP/MOHC/UKESM1-0-LL/esm-hist/r1i1p1f2/Amon/rsds/gn/v20190723/"
"569","gs://cmip6/CMIP6/ScenarioMIP/INM/INM-CM5-0/ssp370/r4i1p1f1/Amon/rsds/gr1/v20190723/"
"570","gs://cmip6/CMIP6/CMIP/MOHC/HadGEM3-GC31-LL/1pctCO2/r2i1p1f3/Amon/rsds/gn/v20190724/"
"571","gs://cmip6/CMIP6/ScenarioMIP/INM/INM-CM5-0/ssp585/r1i1p1f1/Amon/rsds/gr1/v20190724/"
"572","gs://cmip6/CMIP6/CMIP/CAMS/CAMS-CSM1-0/abrupt-4xCO2/r2i1p1f1/Amon/rsds/gn/v20190726/"
"573","gs://cmip6/CMIP6/CMIP/CAMS/CAMS-CSM1-0/1pctCO2/r2i1p1f1/Amon/rsds/gn/v20190726/"
"574","gs://cmip6/CMIP6/ScenarioMIP/NUIST/NESM3/ssp585/r1i1p1f1/Amon/rsds/gn/v20190728/"
"575","gs://cmip6/CMIP6/ScenarioMIP/NUIST/NESM3/ssp245/r2i1p1f1/Amon/rsds/gn/v20190731/"
"576","gs://cmip6/CMIP6/ScenarioMIP/NUIST/NESM3/ssp585/r2i1p1f1/Amon/rsds/gn/v20190731/"
"577","gs://cmip6/CMIP6/ScenarioMIP/NUIST/NESM3/ssp126/r1i1p1f1/Amon/rsds/gn/v20190731/"
"578","gs://cmip6/CMIP6/ScenarioMIP/NUIST/NESM3/ssp245/r1i1p1f1/Amon/rsds/gn/v20190731/"
"579","gs://cmip6/CMIP6/ScenarioMIP/NUIST/NESM3/ssp126/r2i1p1f1/Amon/rsds/gn/v20190801/"
"580","gs://cmip6/CMIP6/ScenarioMIP/MIROC/MIROC6/ssp119/r1i1p1f1/Amon/rsds/gn/v20190807/"
"581","gs://cmip6/CMIP6/ScenarioMIP/MIROC/MIROC6/ssp434/r1i1p1f1/Amon/rsds/gn/v20190807/"
"582","gs://cmip6/CMIP6/ScenarioMIP/MIROC/MIROC6/ssp460/r1i1p1f1/Amon/rsds/gn/v20190807/"
"583","gs://cmip6/CMIP6/ScenarioMIP/NCAR/CESM2-WACCM/ssp245/r1i1p1f1/Amon/rsds/gn/v20190815/"
"584","gs://cmip6/CMIP6/CMIP/NASA-GISS/GISS-E2-1-G/abrupt-4xCO2/r102i1p1f1/Amon/rsds/gn/v20190815/"
"585","gs://cmip6/CMIP6/ScenarioMIP/NCAR/CESM2-WACCM/ssp126/r1i1p1f1/Amon/rsds/gn/v20190815/"
"586","gs://cmip6/CMIP6/ScenarioMIP/NCAR/CESM2-WACCM/ssp370/r2i1p1f1/Amon/rsds/gn/v20190815/"
"587","gs://cmip6/CMIP6/ScenarioMIP/NCAR/CESM2-WACCM/ssp370/r1i1p1f1/Amon/rsds/gn/v20190815/"
"588","gs://cmip6/CMIP6/ScenarioMIP/NCAR/CESM2-WACCM/ssp370/r3i1p1f1/Amon/rsds/gn/v20190815/"
"589","gs://cmip6/CMIP6/CMIP/NASA-GISS/GISS-E2-1-G/1pctCO2/r102i1p1f1/Amon/rsds/gn/v20190815/"
"590","gs://cmip6/CMIP6/CMIP/NASA-GISS/GISS-E2-1-G/1pctCO2/r101i1p1f1/Amon/rsds/gn/v20190815/"
"591","gs://cmip6/CMIP6/CMIP/MOHC/HadGEM3-GC31-LL/1pctCO2/r4i1p1f3/Amon/rsds/gn/v20190821/"
"592","gs://cmip6/CMIP6/CMIP/MOHC/HadGEM3-GC31-LL/1pctCO2/r3i1p1f3/Amon/rsds/gn/v20190821/"
"593","gs://cmip6/CMIP6/CMIP/MIROC/MIROC-ES2L/1pctCO2/r1i1p1f2/Amon/rsds/gn/v20190823/"
"594","gs://cmip6/CMIP6/CMIP/MIROC/MIROC-ES2L/abrupt-4xCO2/r1i1p1f2/Amon/rsds/gn/v20190823/"
"595","gs://cmip6/CMIP6/ScenarioMIP/MIROC/MIROC-ES2L/ssp245/r1i1p1f2/Amon/rsds/gn/v20190823/"
"596","gs://cmip6/CMIP6/ScenarioMIP/MIROC/MIROC-ES2L/ssp126/r1i1p1f2/Amon/rsds/gn/v20190823/"
"597","gs://cmip6/CMIP6/ScenarioMIP/MIROC/MIROC-ES2L/ssp585/r1i1p1f2/Amon/rsds/gn/v20190823/"
"598","gs://cmip6/CMIP6/ScenarioMIP/MIROC/MIROC-ES2L/ssp370/r1i1p1f2/Amon/rsds/gn/v20190823/"
"599","gs://cmip6/CMIP6/ScenarioMIP/MIROC/MIROC-ES2L/ssp119/r1i1p1f2/Amon/rsds/gn/v20190823/"
"600","gs://cmip6/CMIP6/ScenarioMIP/MOHC/UKESM1-0-LL/ssp434/r1i1p1f2/Amon/rsds/gn/v20190828/"
"601","gs://cmip6/CMIP6/ScenarioMIP/MOHC/UKESM1-0-LL/ssp434/r2i1p1f2/Amon/rsds/gn/v20190828/"
"602","gs://cmip6/CMIP6/ScenarioMIP/MOHC/UKESM1-0-LL/ssp119/r3i1p1f2/Amon/rsds/gn/v20190830/"
"603","gs://cmip6/CMIP6/ScenarioMIP/MOHC/UKESM1-0-LL/ssp119/r1i1p1f2/Amon/rsds/gn/v20190830/"
"604","gs://cmip6/CMIP6/ScenarioMIP/IPSL/IPSL-CM6A-LR/ssp126/r1i1p1f1/Amon/rsds/gr/v20190903/"
"605","gs://cmip6/CMIP6/ScenarioMIP/IPSL/IPSL-CM6A-LR/ssp585/r1i1p1f1/Amon/rsds/gr/v20190903/"
"606","gs://cmip6/CMIP6/CMIP/NASA-GISS/GISS-E2-1-G/abrupt-4xCO2/r1i1p5f1/Amon/rsds/gn/v20190905/"
"607","gs://cmip6/CMIP6/ScenarioMIP/MOHC/UKESM1-0-LL/ssp119/r4i1p1f2/Amon/rsds/gn/v20190905/"
"608","gs://cmip6/CMIP6/CMIP/NASA-GISS/GISS-E2-1-G/1pctCO2/r1i1p5f1/Amon/rsds/gn/v20190905/"
"609","gs://cmip6/CMIP6/ScenarioMIP/MOHC/UKESM1-0-LL/ssp434/r3i1p1f2/Amon/rsds/gn/v20190906/"
"610","gs://cmip6/CMIP6/ScenarioMIP/MOHC/HadGEM3-GC31-LL/ssp245/r2i1p1f3/Amon/rsds/gn/v20190906/"
"611","gs://cmip6/CMIP6/ScenarioMIP/MOHC/HadGEM3-GC31-LL/ssp245/r1i1p1f3/Amon/rsds/gn/v20190908/"
"612","gs://cmip6/CMIP6/ScenarioMIP/MOHC/HadGEM3-GC31-LL/ssp245/r3i1p1f3/Amon/rsds/gn/v20190908/"
"613","gs://cmip6/CMIP6/ScenarioMIP/MOHC/HadGEM3-GC31-LL/ssp245/r4i1p1f3/Amon/rsds/gn/v20190908/"
"614","gs://cmip6/CMIP6/CMIP/NCC/NorCPM1/1pctCO2/r1i1p1f1/Amon/rsds/gn/v20190914/"
"615","gs://cmip6/CMIP6/CMIP/NCC/NorCPM1/abrupt-4xCO2/r1i1p1f1/Amon/rsds/gn/v20190914/"
"616","gs://cmip6/CMIP6/CMIP/NASA-GISS/GISS-E2-1-G/abrupt-4xCO2/r1i1p1f3/Amon/rsds/gn/v20190916/"
"617","gs://cmip6/CMIP6/ScenarioMIP/MOHC/UKESM1-0-LL/ssp119/r8i1p1f2/Amon/rsds/gn/v20190917/"
"618","gs://cmip6/CMIP6/ScenarioMIP/CAMS/CAMS-CSM1-0/ssp245/r2i1p1f1/Amon/rsds/gn/v20190924/"
"619","gs://cmip6/CMIP6/ScenarioMIP/CAMS/CAMS-CSM1-0/ssp126/r2i1p1f1/Amon/rsds/gn/v20190924/"
"620","gs://cmip6/CMIP6/ScenarioMIP/CAMS/CAMS-CSM1-0/ssp119/r2i1p1f1/Amon/rsds/gn/v20190924/"
"621","gs://cmip6/CMIP6/ScenarioMIP/CAMS/CAMS-CSM1-0/ssp585/r2i1p1f1/Amon/rsds/gn/v20190924/"
"622","gs://cmip6/CMIP6/ScenarioMIP/CAMS/CAMS-CSM1-0/ssp370/r2i1p1f1/Amon/rsds/gn/v20190924/"
"623","gs://cmip6/CMIP6/ScenarioMIP/MOHC/UKESM1-0-LL/ssp434/r4i1p1f2/Amon/rsds/gn/v20190925/"
"624","gs://cmip6/CMIP6/ScenarioMIP/MOHC/UKESM1-0-LL/ssp434/r8i1p1f2/Amon/rsds/gn/v20190925/"
"625","gs://cmip6/CMIP6/ScenarioMIP/MRI/MRI-ESM2-0/ssp370/r2i1p1f1/Amon/rsds/gn/v20190927/"
"626","gs://cmip6/CMIP6/ScenarioMIP/MRI/MRI-ESM2-0/ssp370/r3i1p1f1/Amon/rsds/gn/v20190927/"
"627","gs://cmip6/CMIP6/ScenarioMIP/MRI/MRI-ESM2-0/ssp370/r5i1p1f1/Amon/rsds/gn/v20190927/"
"628","gs://cmip6/CMIP6/CMIP/NCAR/CESM2/abrupt-4xCO2/r1i1p1f1/Amon/rsds/gn/v20190927/"
"629","gs://cmip6/CMIP6/ScenarioMIP/MRI/MRI-ESM2-0/ssp370/r4i1p1f1/Amon/rsds/gn/v20190927/"
"630","gs://cmip6/CMIP6/ScenarioMIP/IPSL/IPSL-CM6A-LR/ssp245/r10i1p1f1/Amon/rsds/gr/v20191003/"
"631","gs://cmip6/CMIP6/ScenarioMIP/IPSL/IPSL-CM6A-LR/ssp245/r5i1p1f1/Amon/rsds/gr/v20191003/"
"632","gs://cmip6/CMIP6/ScenarioMIP/IPSL/IPSL-CM6A-LR/ssp245/r11i1p1f1/Amon/rsds/gr/v20191003/"
"633","gs://cmip6/CMIP6/CMIP/NASA-GISS/GISS-E2-1-H/abrupt-4xCO2/r1i1p3f1/Amon/rsds/gn/v20191010/"
"634","gs://cmip6/CMIP6/ScenarioMIP/CNRM-CERFACS/CNRM-ESM2-1/ssp370/r1i1p1f2/Amon/rsds/gr/v20191021/"
"635","gs://cmip6/CMIP6/CMIP/CNRM-CERFACS/CNRM-CM6-1-HR/abrupt-4xCO2/r1i1p1f2/Amon/rsds/gr/v20191021/"
"636","gs://cmip6/CMIP6/ScenarioMIP/CNRM-CERFACS/CNRM-ESM2-1/ssp585/r1i1p1f2/Amon/rsds/gr/v20191021/"
"637","gs://cmip6/CMIP6/CMIP/CNRM-CERFACS/CNRM-CM6-1-HR/1pctCO2/r1i1p1f2/Amon/rsds/gr/v20191021/"
"638","gs://cmip6/CMIP6/ScenarioMIP/MRI/MRI-ESM2-0/ssp126/r1i1p1f1/Amon/rsds/gn/v20191108/"
"639","gs://cmip6/CMIP6/ScenarioMIP/MRI/MRI-ESM2-0/ssp585/r1i1p1f1/Amon/rsds/gn/v20191108/"
"640","gs://cmip6/CMIP6/ScenarioMIP/CSIRO-ARCCSS/ACCESS-CM2/ssp245/r1i1p1f1/Amon/rsds/gn/v20191108/"
"641","gs://cmip6/CMIP6/CMIP/CSIRO-ARCCSS/ACCESS-CM2/abrupt-4xCO2/r1i1p1f1/Amon/rsds/gn/v20191108/"
"642","gs://cmip6/CMIP6/ScenarioMIP/NCC/NorESM2-MM/ssp245/r1i1p1f1/Amon/rsds/gn/v20191108/"
"643","gs://cmip6/CMIP6/ScenarioMIP/NCC/NorESM2-MM/ssp126/r1i1p1f1/Amon/rsds/gn/v20191108/"
"644","gs://cmip6/CMIP6/ScenarioMIP/CSIRO-ARCCSS/ACCESS-CM2/ssp370/r1i1p1f1/Amon/rsds/gn/v20191108/"
"645","gs://cmip6/CMIP6/ScenarioMIP/CSIRO-ARCCSS/ACCESS-CM2/ssp585/r1i1p1f1/Amon/rsds/gn/v20191108/"
"646","gs://cmip6/CMIP6/ScenarioMIP/CSIRO-ARCCSS/ACCESS-CM2/ssp126/r1i1p1f1/Amon/rsds/gn/v20191108/"
"647","gs://cmip6/CMIP6/CMIP/NCC/NorESM2-MM/abrupt-4xCO2/r1i1p1f1/Amon/rsds/gn/v20191108/"
"648","gs://cmip6/CMIP6/ScenarioMIP/NCC/NorESM2-MM/ssp370/r1i1p1f1/Amon/rsds/gn/v20191108/"
"649","gs://cmip6/CMIP6/ScenarioMIP/NCC/NorESM2-MM/ssp585/r1i1p1f1/Amon/rsds/gn/v20191108/"
"650","gs://cmip6/CMIP6/CMIP/NCC/NorESM2-MM/1pctCO2/r1i1p1f1/Amon/rsds/gn/v20191108/"
"651","gs://cmip6/CMIP6/CMIP/CSIRO-ARCCSS/ACCESS-CM2/1pctCO2/r1i1p1f1/Amon/rsds/gn/v20191109/"
"652","gs://cmip6/CMIP6/CMIP/CSIRO/ACCESS-ESM1-5/abrupt-4xCO2/r1i1p1f1/Amon/rsds/gn/v20191115/"
"653","gs://cmip6/CMIP6/CMIP/CSIRO/ACCESS-ESM1-5/1pctCO2/r1i1p1f1/Amon/rsds/gn/v20191115/"
"654","gs://cmip6/CMIP6/ScenarioMIP/IPSL/IPSL-CM6A-LR/ssp126/r4i1p1f1/Amon/rsds/gr/v20191121/"
"655","gs://cmip6/CMIP6/ScenarioMIP/IPSL/IPSL-CM6A-LR/ssp585/r3i1p1f1/Amon/rsds/gr/v20191121/"
"656","gs://cmip6/CMIP6/ScenarioMIP/IPSL/IPSL-CM6A-LR/ssp245/r4i1p1f1/Amon/rsds/gr/v20191121/"
"657","gs://cmip6/CMIP6/ScenarioMIP/IPSL/IPSL-CM6A-LR/ssp585/r6i1p1f1/Amon/rsds/gr/v20191121/"
"658","gs://cmip6/CMIP6/ScenarioMIP/IPSL/IPSL-CM6A-LR/ssp126/r14i1p1f1/Amon/rsds/gr/v20191121/"
"659","gs://cmip6/CMIP6/ScenarioMIP/IPSL/IPSL-CM6A-LR/ssp126/r6i1p1f1/Amon/rsds/gr/v20191121/"
"660","gs://cmip6/CMIP6/ScenarioMIP/IPSL/IPSL-CM6A-LR/ssp585/r14i1p1f1/Amon/rsds/gr/v20191121/"
"661","gs://cmip6/CMIP6/ScenarioMIP/IPSL/IPSL-CM6A-LR/ssp585/r2i1p1f1/Amon/rsds/gr/v20191121/"
"662","gs://cmip6/CMIP6/ScenarioMIP/IPSL/IPSL-CM6A-LR/ssp245/r6i1p1f1/Amon/rsds/gr/v20191121/"
"663","gs://cmip6/CMIP6/ScenarioMIP/IPSL/IPSL-CM6A-LR/ssp245/r14i1p1f1/Amon/rsds/gr/v20191121/"
"664","gs://cmip6/CMIP6/ScenarioMIP/IPSL/IPSL-CM6A-LR/ssp245/r3i1p1f1/Amon/rsds/gr/v20191121/"
"665","gs://cmip6/CMIP6/ScenarioMIP/IPSL/IPSL-CM6A-LR/ssp119/r2i1p1f1/Amon/rsds/gr/v20191122/"
"666","gs://cmip6/CMIP6/ScenarioMIP/IPSL/IPSL-CM6A-LR/ssp460/r3i1p1f1/Amon/rsds/gr/v20191122/"
"667","gs://cmip6/CMIP6/ScenarioMIP/IPSL/IPSL-CM6A-LR/ssp119/r14i1p1f1/Amon/rsds/gr/v20191122/"
"668","gs://cmip6/CMIP6/ScenarioMIP/IPSL/IPSL-CM6A-LR/ssp119/r3i1p1f1/Amon/rsds/gr/v20191122/"
"669","gs://cmip6/CMIP6/ScenarioMIP/IPSL/IPSL-CM6A-LR/ssp119/r4i1p1f1/Amon/rsds/gr/v20191122/"
"670","gs://cmip6/CMIP6/ScenarioMIP/IPSL/IPSL-CM6A-LR/ssp460/r4i1p1f1/Amon/rsds/gr/v20191122/"
"671","gs://cmip6/CMIP6/ScenarioMIP/IPSL/IPSL-CM6A-LR/ssp460/r6i1p1f1/Amon/rsds/gr/v20191122/"
"672","gs://cmip6/CMIP6/ScenarioMIP/IPSL/IPSL-CM6A-LR/ssp119/r6i1p1f1/Amon/rsds/gr/v20191122/"
"673","gs://cmip6/CMIP6/ScenarioMIP/IPSL/IPSL-CM6A-LR/ssp460/r2i1p1f1/Amon/rsds/gr/v20191122/"
"674","gs://cmip6/CMIP6/ScenarioMIP/IPSL/IPSL-CM6A-LR/ssp460/r14i1p1f1/Amon/rsds/gr/v20191122/"
"675","gs://cmip6/CMIP6/ScenarioMIP/IPSL/IPSL-CM6A-LR/ssp585/r4i1p1f1/Amon/rsds/gr/v20191122/"
"676","gs://cmip6/CMIP6/ScenarioMIP/IPSL/IPSL-CM6A-LR/ssp370/r14i1p1f1/Amon/rsds/gr/v20191122/"
"677","gs://cmip6/CMIP6/ScenarioMIP/CNRM-CERFACS/CNRM-CM6-1-HR/ssp585/r1i1p1f2/Amon/rsds/gr/v20191202/"
"678","gs://cmip6/CMIP6/ScenarioMIP/CNRM-CERFACS/CNRM-CM6-1-HR/ssp245/r1i1p1f2/Amon/rsds/gr/v20191202/"
"679","gs://cmip6/CMIP6/CMIP/CCCR-IITM/IITM-ESM/1pctCO2/r1i1p1f1/Amon/rsds/gn/v20191204/"
"680","gs://cmip6/CMIP6/CMIP/MRI/MRI-ESM2-0/abrupt-4xCO2/r1i2p1f1/Amon/rsds/gn/v20191205/"
"681","gs://cmip6/CMIP6/ScenarioMIP/MRI/MRI-ESM2-0/ssp585/r1i2p1f1/Amon/rsds/gn/v20191205/"
"682","gs://cmip6/CMIP6/ScenarioMIP/HAMMOZ-Consortium/MPI-ESM-1-2-HAM/ssp370/r3i1p1f1/Amon/rsds/gn/v20191218/"
"683","gs://cmip6/CMIP6/CMIP/CCCR-IITM/IITM-ESM/abrupt-4xCO2/r1i1p1f1/Amon/rsds/gn/v20191223/"
"684","gs://cmip6/CMIP6/ScenarioMIP/MOHC/HadGEM3-GC31-LL/ssp585/r1i1p1f3/Amon/rsds/gn/v20200114/"
"685","gs://cmip6/CMIP6/ScenarioMIP/MOHC/HadGEM3-GC31-LL/ssp126/r1i1p1f3/Amon/rsds/gn/v20200114/"
"686","gs://cmip6/CMIP6/ScenarioMIP/NASA-GISS/GISS-E2-1-G/ssp245/r5i1p5f2/Amon/rsds/gn/v20200115/"
"687","gs://cmip6/CMIP6/ScenarioMIP/NASA-GISS/GISS-E2-1-G/ssp245/r6i1p5f2/Amon/rsds/gn/v20200115/"
"688","gs://cmip6/CMIP6/ScenarioMIP/NASA-GISS/GISS-E2-1-G/ssp245/r7i1p1f2/Amon/rsds/gn/v20200115/"
"689","gs://cmip6/CMIP6/ScenarioMIP/NASA-GISS/GISS-E2-1-G/ssp245/r7i1p5f2/Amon/rsds/gn/v20200115/"
"690","gs://cmip6/CMIP6/ScenarioMIP/NASA-GISS/GISS-E2-1-G/ssp245/r8i1p5f2/Amon/rsds/gn/v20200115/"
"691","gs://cmip6/CMIP6/ScenarioMIP/NASA-GISS/GISS-E2-1-G/ssp245/r6i1p1f2/Amon/rsds/gn/v20200115/"
"692","gs://cmip6/CMIP6/ScenarioMIP/NASA-GISS/GISS-E2-1-G/ssp245/r9i1p1f2/Amon/rsds/gn/v20200115/"
"693","gs://cmip6/CMIP6/ScenarioMIP/NASA-GISS/GISS-E2-1-G/ssp245/r9i1p5f2/Amon/rsds/gn/v20200115/"
"694","gs://cmip6/CMIP6/ScenarioMIP/NASA-GISS/GISS-E2-1-G/ssp370/r10i1p1f2/Amon/rsds/gn/v20200115/"
"695","gs://cmip6/CMIP6/ScenarioMIP/NASA-GISS/GISS-E2-1-G/ssp370/r1i1p3f1/Amon/rsds/gn/v20200115/"
"696","gs://cmip6/CMIP6/ScenarioMIP/NASA-GISS/GISS-E2-1-G/ssp370/r1i1p3f2/Amon/rsds/gn/v20200115/"
"697","gs://cmip6/CMIP6/ScenarioMIP/NASA-GISS/GISS-E2-1-G/ssp370/r1i1p5f1/Amon/rsds/gn/v20200115/"
"698","gs://cmip6/CMIP6/ScenarioMIP/NASA-GISS/GISS-E2-1-G/ssp370/r6i1p1f2/Amon/rsds/gn/v20200115/"
"699","gs://cmip6/CMIP6/ScenarioMIP/NASA-GISS/GISS-E2-1-G/ssp370/r2i1p3f1/Amon/rsds/gn/v20200115/"
"700","gs://cmip6/CMIP6/ScenarioMIP/NASA-GISS/GISS-E2-1-G/ssp370/r5i1p1f2/Amon/rsds/gn/v20200115/"
"701","gs://cmip6/CMIP6/ScenarioMIP/NASA-GISS/GISS-E2-1-G/ssp126/r1i1p3f1/Amon/rsds/gn/v20200115/"
"702","gs://cmip6/CMIP6/ScenarioMIP/NASA-GISS/GISS-E2-1-G/ssp370/r4i1p1f2/Amon/rsds/gn/v20200115/"
"703","gs://cmip6/CMIP6/CMIP/MOHC/HadGEM3-GC31-MM/1pctCO2/r1i1p1f3/Amon/rsds/gn/v20200115/"
"704","gs://cmip6/CMIP6/ScenarioMIP/NASA-GISS/GISS-E2-1-G/ssp370/r4i1p3f1/Amon/rsds/gn/v20200115/"
"705","gs://cmip6/CMIP6/ScenarioMIP/NASA-GISS/GISS-E2-1-G/ssp245/r8i1p1f2/Amon/rsds/gn/v20200115/"
"706","gs://cmip6/CMIP6/ScenarioMIP/NASA-GISS/GISS-E2-1-G/ssp370/r2i1p3f2/Amon/rsds/gn/v20200115/"
"707","gs://cmip6/CMIP6/ScenarioMIP/NASA-GISS/GISS-E2-1-G/ssp370/r2i1p1f2/Amon/rsds/gn/v20200115/"
"708","gs://cmip6/CMIP6/ScenarioMIP/NASA-GISS/GISS-E2-1-G/ssp460/r5i1p1f2/Amon/rsds/gn/v20200115/"
"709","gs://cmip6/CMIP6/ScenarioMIP/NASA-GISS/GISS-E2-1-G/ssp460/r3i1p1f2/Amon/rsds/gn/v20200115/"
"710","gs://cmip6/CMIP6/ScenarioMIP/NASA-GISS/GISS-E2-1-G/ssp460/r4i1p1f2/Amon/rsds/gn/v20200115/"
"711","gs://cmip6/CMIP6/ScenarioMIP/NASA-GISS/GISS-E2-1-G/ssp460/r2i1p1f2/Amon/rsds/gn/v20200115/"
"712","gs://cmip6/CMIP6/ScenarioMIP/NASA-GISS/GISS-E2-1-G/ssp370/r8i1p1f2/Amon/rsds/gn/v20200115/"
"713","gs://cmip6/CMIP6/ScenarioMIP/NASA-GISS/GISS-E2-1-G/ssp370/r7i1p1f2/Amon/rsds/gn/v20200115/"
"714","gs://cmip6/CMIP6/ScenarioMIP/NASA-GISS/GISS-E2-1-G/ssp119/r1i1p1f2/Amon/rsds/gn/v20200115/"
"715","gs://cmip6/CMIP6/ScenarioMIP/NASA-GISS/GISS-E2-1-G/ssp119/r1i1p3f1/Amon/rsds/gn/v20200115/"
"716","gs://cmip6/CMIP6/ScenarioMIP/NASA-GISS/GISS-E2-1-G/ssp370/r9i1p1f2/Amon/rsds/gn/v20200115/"
"717","gs://cmip6/CMIP6/CMIP/MOHC/HadGEM3-GC31-MM/abrupt-4xCO2/r1i1p1f3/Amon/rsds/gn/v20200115/"
"718","gs://cmip6/CMIP6/ScenarioMIP/NASA-GISS/GISS-E2-1-G/ssp460/r1i1p3f1/Amon/rsds/gn/v20200115/"
"719","gs://cmip6/CMIP6/ScenarioMIP/NASA-GISS/GISS-E2-1-G/ssp460/r1i1p1f2/Amon/rsds/gn/v20200115/"
"720","gs://cmip6/CMIP6/ScenarioMIP/NASA-GISS/GISS-E2-1-G/ssp245/r5i1p3f1/Amon/rsds/gn/v20200115/"
"721","gs://cmip6/CMIP6/ScenarioMIP/NASA-GISS/GISS-E2-1-G/ssp434/r1i1p3f1/Amon/rsds/gn/v20200115/"
"722","gs://cmip6/CMIP6/ScenarioMIP/NASA-GISS/GISS-E2-1-G/ssp245/r4i1p5f2/Amon/rsds/gn/v20200115/"
"723","gs://cmip6/CMIP6/ScenarioMIP/NASA-GISS/GISS-E2-1-G/ssp434/r1i1p1f2/Amon/rsds/gn/v20200115/"
"724","gs://cmip6/CMIP6/ScenarioMIP/NASA-GISS/GISS-E2-1-G/ssp245/r4i1p3f1/Amon/rsds/gn/v20200115/"
"725","gs://cmip6/CMIP6/ScenarioMIP/NASA-GISS/GISS-E2-1-G/ssp245/r5i1p5f1/Amon/rsds/gn/v20200115/"
"726","gs://cmip6/CMIP6/ScenarioMIP/NASA-GISS/GISS-E2-1-G/ssp245/r4i1p5f1/Amon/rsds/gn/v20200115/"
"727","gs://cmip6/CMIP6/ScenarioMIP/NASA-GISS/GISS-E2-1-G/ssp126/r1i1p5f1/Amon/rsds/gn/v20200115/"
"728","gs://cmip6/CMIP6/ScenarioMIP/NASA-GISS/GISS-E2-1-G/ssp585/r2i1p3f1/Amon/rsds/gn/v20200115/"
"729","gs://cmip6/CMIP6/ScenarioMIP/NASA-GISS/GISS-E2-1-G/ssp585/r4i1p3f1/Amon/rsds/gn/v20200115/"
"730","gs://cmip6/CMIP6/ScenarioMIP/NASA-GISS/GISS-E2-1-G/ssp245/r10i1p1f2/Amon/rsds/gn/v20200115/"
"731","gs://cmip6/CMIP6/ScenarioMIP/NASA-GISS/GISS-E2-1-G/ssp245/r10i1p5f2/Amon/rsds/gn/v20200115/"
"732","gs://cmip6/CMIP6/ScenarioMIP/NASA-GISS/GISS-E2-1-G/ssp585/r1i1p5f1/Amon/rsds/gn/v20200115/"
"733","gs://cmip6/CMIP6/ScenarioMIP/NASA-GISS/GISS-E2-1-G/ssp245/r1i1p5f1/Amon/rsds/gn/v20200115/"
"734","gs://cmip6/CMIP6/ScenarioMIP/NASA-GISS/GISS-E2-1-G/ssp126/r3i1p3f1/Amon/rsds/gn/v20200115/"
"735","gs://cmip6/CMIP6/ScenarioMIP/NASA-GISS/GISS-E2-1-G/ssp245/r1i1p3f1/Amon/rsds/gn/v20200115/"
"736","gs://cmip6/CMIP6/ScenarioMIP/NASA-GISS/GISS-E2-1-G/ssp245/r1i1p5f2/Amon/rsds/gn/v20200115/"
"737","gs://cmip6/CMIP6/ScenarioMIP/NASA-GISS/GISS-E2-1-G/ssp585/r1i1p3f1/Amon/rsds/gn/v20200115/"
"738","gs://cmip6/CMIP6/ScenarioMIP/NASA-GISS/GISS-E2-1-G/ssp245/r3i1p5f1/Amon/rsds/gn/v20200115/"
"739","gs://cmip6/CMIP6/ScenarioMIP/NASA-GISS/GISS-E2-1-G/ssp245/r3i1p3f1/Amon/rsds/gn/v20200115/"
"740","gs://cmip6/CMIP6/ScenarioMIP/NASA-GISS/GISS-E2-1-G/ssp585/r3i1p3f1/Amon/rsds/gn/v20200115/"
"741","gs://cmip6/CMIP6/ScenarioMIP/NASA-GISS/GISS-E2-1-G/ssp245/r3i1p5f2/Amon/rsds/gn/v20200115/"
"742","gs://cmip6/CMIP6/ScenarioMIP/NASA-GISS/GISS-E2-1-G/ssp245/r2i1p3f1/Amon/rsds/gn/v20200115/"
"743","gs://cmip6/CMIP6/ScenarioMIP/NASA-GISS/GISS-E2-1-G/ssp370/r3i1p3f2/Amon/rsds/gn/v20200115/"
"744","gs://cmip6/CMIP6/ScenarioMIP/NASA-GISS/GISS-E2-1-G/ssp370/r3i1p3f1/Amon/rsds/gn/v20200115/"
"745","gs://cmip6/CMIP6/ScenarioMIP/NASA-GISS/GISS-E2-1-G/ssp245/r2i1p5f1/Amon/rsds/gn/v20200115/"
"746","gs://cmip6/CMIP6/ScenarioMIP/NASA-GISS/GISS-E2-1-G/ssp370/r3i1p1f2/Amon/rsds/gn/v20200115/"
"747","gs://cmip6/CMIP6/ScenarioMIP/NASA-GISS/GISS-E2-1-G/ssp126/r4i1p3f1/Amon/rsds/gn/v20200115/"
"748","gs://cmip6/CMIP6/ScenarioMIP/NASA-GISS/GISS-E2-1-G/ssp126/r5i1p3f1/Amon/rsds/gn/v20200115/"
"749","gs://cmip6/CMIP6/ScenarioMIP/NASA-GISS/GISS-E2-1-G/ssp126/r2i1p3f1/Amon/rsds/gn/v20200115/"
"750","gs://cmip6/CMIP6/ScenarioMIP/NASA-GISS/GISS-E2-1-G/ssp585/r5i1p3f1/Amon/rsds/gn/v20200115/"
"751","gs://cmip6/CMIP6/ScenarioMIP/NASA-GISS/GISS-E2-1-G/ssp245/r2i1p5f2/Amon/rsds/gn/v20200115/"
"752","gs://cmip6/CMIP6/ScenarioMIP/MOHC/HadGEM3-GC31-LL/ssp585/r2i1p1f3/Amon/rsds/gn/v20200121/"
"753","gs://cmip6/CMIP6/ScenarioMIP/MOHC/HadGEM3-GC31-LL/ssp585/r3i1p1f3/Amon/rsds/gn/v20200121/"
"754","gs://cmip6/CMIP6/ScenarioMIP/CNRM-CERFACS/CNRM-CM6-1-HR/ssp370/r1i1p1f2/Amon/rsds/gr/v20200127/"
"755","gs://cmip6/CMIP6/ScenarioMIP/CNRM-CERFACS/CNRM-CM6-1-HR/ssp126/r1i1p1f2/Amon/rsds/gr/v20200127/"
"756","gs://cmip6/CMIP6/ScenarioMIP/NCAR/CESM2-WACCM/ssp585/r3i1p1f1/Amon/rsds/gn/v20200206/"
"757","gs://cmip6/CMIP6/ScenarioMIP/NCAR/CESM2-WACCM/ssp585/r2i1p1f1/Amon/rsds/gn/v20200206/"
"758","gs://cmip6/CMIP6/ScenarioMIP/NCAR/CESM2-WACCM/ssp245/r4i1p1f1/Amon/rsds/gn/v20200206/"
"759","gs://cmip6/CMIP6/ScenarioMIP/NCAR/CESM2-WACCM/ssp245/r5i1p1f1/Amon/rsds/gn/v20200206/"
"760","gs://cmip6/CMIP6/ScenarioMIP/NCAR/CESM2-WACCM/ssp245/r3i1p1f1/Amon/rsds/gn/v20200206/"
"761","gs://cmip6/CMIP6/ScenarioMIP/NCAR/CESM2-WACCM/ssp585/r5i1p1f1/Amon/rsds/gn/v20200206/"
"762","gs://cmip6/CMIP6/ScenarioMIP/NCAR/CESM2-WACCM/ssp585/r4i1p1f1/Amon/rsds/gn/v20200206/"
"763","gs://cmip6/CMIP6/ScenarioMIP/CNRM-CERFACS/CNRM-CM6-1/ssp245/r7i1p1f2/Amon/rsds/gr/v20200212/"
"764","gs://cmip6/CMIP6/ScenarioMIP/CNRM-CERFACS/CNRM-CM6-1/ssp245/r8i1p1f2/Amon/rsds/gr/v20200212/"
"765","gs://cmip6/CMIP6/ScenarioMIP/CNRM-CERFACS/CNRM-CM6-1/ssp245/r9i1p1f2/Amon/rsds/gr/v20200212/"
"766","gs://cmip6/CMIP6/ScenarioMIP/CNRM-CERFACS/CNRM-CM6-1/ssp245/r10i1p1f2/Amon/rsds/gr/v20200212/"
"767","gs://cmip6/CMIP6/ScenarioMIP/IPSL/IPSL-CM6A-LR/ssp245/r25i1p1f1/Amon/rsds/gr/v20200218/"
"768","gs://cmip6/CMIP6/ScenarioMIP/IPSL/IPSL-CM6A-LR/ssp245/r22i1p1f1/Amon/rsds/gr/v20200218/"
"769","gs://cmip6/CMIP6/ScenarioMIP/EC-Earth-Consortium/EC-Earth3/ssp245/r25i1p1f1/Amon/rsds/gr/v20200218/"
"770","gs://cmip6/CMIP6/ScenarioMIP/NCAR/CESM2-WACCM/ssp245/r2i1p1f1/Amon/rsds/gn/v20200224/"
"771","gs://cmip6/CMIP6/CMIP/AS-RCEC/TaiESM1/1pctCO2/r1i1p1f1/Amon/rsds/gn/v20200225/"
"772","gs://cmip6/CMIP6/CMIP/NCAR/CESM2-WACCM-FV2/1pctCO2/r1i1p1f1/Amon/rsds/gn/v20200226/"
"773","gs://cmip6/CMIP6/CMIP/INM/INM-CM5-0/1pctCO2/r1i1p1f1/Amon/rsds/gr1/v20200226/"
"774","gs://cmip6/CMIP6/ScenarioMIP/CSIRO-ARCCSS/ACCESS-CM2/ssp126/r2i1p1f1/Amon/rsds/gn/v20200303/"
"775","gs://cmip6/CMIP6/ScenarioMIP/CSIRO-ARCCSS/ACCESS-CM2/ssp585/r2i1p1f1/Amon/rsds/gn/v20200303/"
"776","gs://cmip6/CMIP6/CMIP/AS-RCEC/TaiESM1/abrupt-4xCO2/r1i1p1f1/Amon/rsds/gn/v20200310/"
"777","gs://cmip6/CMIP6/CMIP/NCAR/CESM2-FV2/1pctCO2/r1i1p1f1/Amon/rsds/gn/v20200310/"
"778","gs://cmip6/CMIP6/ScenarioMIP/EC-Earth-Consortium/EC-Earth3-Veg/ssp245/r5i1p1f1/Amon/rsds/gr/v20200312/"
"779","gs://cmip6/CMIP6/ScenarioMIP/MIROC/MIROC-ES2L/ssp126/r3i1p1f2/Amon/rsds/gn/v20200318/"
"780","gs://cmip6/CMIP6/ScenarioMIP/MIROC/MIROC-ES2L/ssp126/r2i1p1f2/Amon/rsds/gn/v20200318/"
"781","gs://cmip6/CMIP6/ScenarioMIP/MIROC/MIROC-ES2L/ssp119/r2i1p1f2/Amon/rsds/gn/v20200318/"
"782","gs://cmip6/CMIP6/ScenarioMIP/EC-Earth-Consortium/EC-Earth3/ssp245/r19i1p1f1/Amon/rsds/gr/v20200321/"
"783","gs://cmip6/CMIP6/ScenarioMIP/EC-Earth-Consortium/EC-Earth3/ssp245/r21i1p1f1/Amon/rsds/gr/v20200331/"
"784","gs://cmip6/CMIP6/ScenarioMIP/EC-Earth-Consortium/EC-Earth3/ssp245/r22i1p1f1/Amon/rsds/gr/v20200402/"
"785","gs://cmip6/CMIP6/ScenarioMIP/EC-Earth-Consortium/EC-Earth3/ssp245/r24i1p1f1/Amon/rsds/gr/v20200403/"
"786","gs://cmip6/CMIP6/CMIP/NCAR/CESM2-FV2/abrupt-4xCO2/r1i1p1f1/Amon/rsds/gn/v20200403/"
"787","gs://cmip6/CMIP6/CMIP/NCAR/CESM2-WACCM-FV2/abrupt-4xCO2/r1i1p1f1/Amon/rsds/gn/v20200403/"
"788","gs://cmip6/CMIP6/ScenarioMIP/EC-Earth-Consortium/EC-Earth3/ssp245/r23i1p1f1/Amon/rsds/gr/v20200407/"
"789","gs://cmip6/CMIP6/ScenarioMIP/THU/CIESM/ssp126/r1i1p1f1/Amon/rsds/gr/v20200417/"
"790","gs://cmip6/CMIP6/CMIP/THU/CIESM/1pctCO2/r1i1p1f1/Amon/rsds/gr/v20200417/"
"791","gs://cmip6/CMIP6/ScenarioMIP/THU/CIESM/ssp245/r1i1p1f1/Amon/rsds/gr/v20200417/"
"792","gs://cmip6/CMIP6/CMIP/THU/CIESM/abrupt-4xCO2/r1i1p1f1/Amon/rsds/gr/v20200417/"
"793","gs://cmip6/CMIP6/ScenarioMIP/CSIRO-ARCCSS/ACCESS-CM2/ssp585/r3i1p1f1/Amon/rsds/gn/v20200428/"
"794","gs://cmip6/CMIP6/ScenarioMIP/CSIRO-ARCCSS/ACCESS-CM2/ssp126/r3i1p1f1/Amon/rsds/gn/v20200428/"
"795","gs://cmip6/CMIP6/ScenarioMIP/MOHC/HadGEM3-GC31-MM/ssp585/r3i1p1f3/Amon/rsds/gn/v20200507/"
"796","gs://cmip6/CMIP6/ScenarioMIP/MOHC/HadGEM3-GC31-MM/ssp585/r1i1p1f3/Amon/rsds/gn/v20200515/"
"797","gs://cmip6/CMIP6/ScenarioMIP/MOHC/HadGEM3-GC31-MM/ssp585/r2i1p1f3/Amon/rsds/gn/v20200515/"
"798","gs://cmip6/CMIP6/ScenarioMIP/MOHC/HadGEM3-GC31-MM/ssp126/r1i1p1f3/Amon/rsds/gn/v20200515/"
"799","gs://cmip6/CMIP6/ScenarioMIP/NCAR/CESM2/ssp126/r10i1p1f1/Amon/rsds/gn/v20200528/"
"800","gs://cmip6/CMIP6/ScenarioMIP/NCAR/CESM2/ssp245/r10i1p1f1/Amon/rsds/gn/v20200528/"
"801","gs://cmip6/CMIP6/ScenarioMIP/NCAR/CESM2/ssp585/r4i1p1f1/Amon/rsds/gn/v20200528/"
"802","gs://cmip6/CMIP6/ScenarioMIP/NCAR/CESM2/ssp585/r11i1p1f1/Amon/rsds/gn/v20200528/"
"803","gs://cmip6/CMIP6/ScenarioMIP/NCAR/CESM2/ssp126/r4i1p1f1/Amon/rsds/gn/v20200528/"
"804","gs://cmip6/CMIP6/ScenarioMIP/NCAR/CESM2/ssp126/r11i1p1f1/Amon/rsds/gn/v20200528/"
"805","gs://cmip6/CMIP6/ScenarioMIP/NCAR/CESM2/ssp245/r4i1p1f1/Amon/rsds/gn/v20200528/"
"806","gs://cmip6/CMIP6/ScenarioMIP/NCAR/CESM2/ssp370/r11i1p1f1/Amon/rsds/gn/v20200528/"
"807","gs://cmip6/CMIP6/ScenarioMIP/NCAR/CESM2/ssp245/r11i1p1f1/Amon/rsds/gn/v20200528/"
"808","gs://cmip6/CMIP6/ScenarioMIP/NCAR/CESM2/ssp370/r10i1p1f1/Amon/rsds/gn/v20200528/"
"809","gs://cmip6/CMIP6/ScenarioMIP/NCAR/CESM2/ssp370/r4i1p1f1/Amon/rsds/gn/v20200528/"
"810","gs://cmip6/CMIP6/ScenarioMIP/NCAR/CESM2/ssp585/r10i1p1f1/Amon/rsds/gn/v20200528/"
"811","gs://cmip6/CMIP6/CMIP/CNRM-CERFACS/CNRM-ESM2-1/1pctCO2/r7i1p1f2/Amon/rsds/gr/v20200529/"
"812","gs://cmip6/CMIP6/CMIP/CNRM-CERFACS/CNRM-ESM2-1/1pctCO2/r8i1p1f2/Amon/rsds/gr/v20200529/"
"813","gs://cmip6/CMIP6/CMIP/CNRM-CERFACS/CNRM-ESM2-1/1pctCO2/r9i1p1f2/Amon/rsds/gr/v20200529/"
"814","gs://cmip6/CMIP6/CMIP/CNRM-CERFACS/CNRM-ESM2-1/1pctCO2/r10i1p1f2/Amon/rsds/gr/v20200529/"
"815","gs://cmip6/CMIP6/ScenarioMIP/MOHC/HadGEM3-GC31-LL/ssp585/r4i1p1f3/Amon/rsds/gn/v20200604/"
"816","gs://cmip6/CMIP6/ScenarioMIP/THU/CIESM/ssp585/r1i1p1f1/Amon/rsds/gr/v20200605/"
"817","gs://cmip6/CMIP6/ScenarioMIP/MOHC/UKESM1-0-LL/ssp370/r19i1p1f2/Amon/rsds/gn/v20200605/"
"818","gs://cmip6/CMIP6/ScenarioMIP/MOHC/UKESM1-0-LL/ssp370/r16i1p1f2/Amon/rsds/gn/v20200608/"
"819","gs://cmip6/CMIP6/CMIP/CMCC/CMCC-CM2-SR5/abrupt-4xCO2/r1i1p1f1/Amon/rsds/gn/v20200616/"
"820","gs://cmip6/CMIP6/CMIP/CMCC/CMCC-CM2-SR5/1pctCO2/r1i1p1f1/Amon/rsds/gn/v20200616/"
"821","gs://cmip6/CMIP6/ScenarioMIP/CMCC/CMCC-CM2-SR5/ssp245/r1i1p1f1/Amon/rsds/gn/v20200617/"
"822","gs://cmip6/CMIP6/ScenarioMIP/CMCC/CMCC-CM2-SR5/ssp585/r1i1p1f1/Amon/rsds/gn/v20200622/"
"823","gs://cmip6/CMIP6/ScenarioMIP/CMCC/CMCC-CM2-SR5/ssp370/r1i1p1f1/Amon/rsds/gn/v20200622/"
"824","gs://cmip6/CMIP6/ScenarioMIP/MIROC/MIROC6/ssp585/r46i1p1f1/Amon/rsds/gn/v20200623/"
"825","gs://cmip6/CMIP6/ScenarioMIP/MIROC/MIROC6/ssp585/r38i1p1f1/Amon/rsds/gn/v20200623/"
"826","gs://cmip6/CMIP6/ScenarioMIP/MIROC/MIROC6/ssp585/r41i1p1f1/Amon/rsds/gn/v20200623/"
"827","gs://cmip6/CMIP6/ScenarioMIP/MIROC/MIROC6/ssp585/r43i1p1f1/Amon/rsds/gn/v20200623/"
"828","gs://cmip6/CMIP6/ScenarioMIP/MIROC/MIROC6/ssp585/r39i1p1f1/Amon/rsds/gn/v20200623/"
"829","gs://cmip6/CMIP6/ScenarioMIP/MIROC/MIROC6/ssp585/r40i1p1f1/Amon/rsds/gn/v20200623/"
"830","gs://cmip6/CMIP6/ScenarioMIP/MIROC/MIROC6/ssp585/r45i1p1f1/Amon/rsds/gn/v20200623/"
"831","gs://cmip6/CMIP6/ScenarioMIP/MIROC/MIROC6/ssp585/r37i1p1f1/Amon/rsds/gn/v20200623/"
"832","gs://cmip6/CMIP6/ScenarioMIP/MIROC/MIROC6/ssp585/r47i1p1f1/Amon/rsds/gn/v20200623/"
"833","gs://cmip6/CMIP6/ScenarioMIP/MIROC/MIROC6/ssp585/r48i1p1f1/Amon/rsds/gn/v20200623/"
"834","gs://cmip6/CMIP6/ScenarioMIP/MIROC/MIROC6/ssp585/r49i1p1f1/Amon/rsds/gn/v20200623/"
"835","gs://cmip6/CMIP6/ScenarioMIP/MIROC/MIROC6/ssp245/r4i1p1f1/Amon/rsds/gn/v20200623/"
"836","gs://cmip6/CMIP6/ScenarioMIP/MIROC/MIROC6/ssp245/r6i1p1f1/Amon/rsds/gn/v20200623/"
"837","gs://cmip6/CMIP6/ScenarioMIP/MIROC/MIROC6/ssp585/r33i1p1f1/Amon/rsds/gn/v20200623/"
"838","gs://cmip6/CMIP6/ScenarioMIP/MIROC/MIROC6/ssp585/r35i1p1f1/Amon/rsds/gn/v20200623/"
"839","gs://cmip6/CMIP6/ScenarioMIP/MIROC/MIROC6/ssp585/r34i1p1f1/Amon/rsds/gn/v20200623/"
"840","gs://cmip6/CMIP6/ScenarioMIP/MIROC/MIROC6/ssp245/r5i1p1f1/Amon/rsds/gn/v20200623/"
"841","gs://cmip6/CMIP6/ScenarioMIP/MIROC/MIROC6/ssp245/r11i1p1f1/Amon/rsds/gn/v20200623/"
"842","gs://cmip6/CMIP6/ScenarioMIP/MIROC/MIROC6/ssp245/r20i1p1f1/Amon/rsds/gn/v20200623/"
"843","gs://cmip6/CMIP6/ScenarioMIP/MIROC/MIROC6/ssp585/r9i1p1f1/Amon/rsds/gn/v20200623/"
"844","gs://cmip6/CMIP6/ScenarioMIP/MIROC/MIROC6/ssp585/r29i1p1f1/Amon/rsds/gn/v20200623/"
"845","gs://cmip6/CMIP6/ScenarioMIP/MIROC/MIROC6/ssp245/r10i1p1f1/Amon/rsds/gn/v20200623/"
"846","gs://cmip6/CMIP6/ScenarioMIP/MIROC/MIROC6/ssp585/r32i1p1f1/Amon/rsds/gn/v20200623/"
"847","gs://cmip6/CMIP6/ScenarioMIP/MIROC/MIROC6/ssp585/r28i1p1f1/Amon/rsds/gn/v20200623/"
"848","gs://cmip6/CMIP6/ScenarioMIP/MIROC/MIROC6/ssp245/r13i1p1f1/Amon/rsds/gn/v20200623/"
"849","gs://cmip6/CMIP6/ScenarioMIP/MIROC/MIROC6/ssp585/r31i1p1f1/Amon/rsds/gn/v20200623/"
"850","gs://cmip6/CMIP6/ScenarioMIP/MIROC/MIROC6/ssp245/r18i1p1f1/Amon/rsds/gn/v20200623/"
"851","gs://cmip6/CMIP6/ScenarioMIP/MIROC/MIROC6/ssp245/r17i1p1f1/Amon/rsds/gn/v20200623/"
"852","gs://cmip6/CMIP6/ScenarioMIP/MIROC/MIROC6/ssp585/r30i1p1f1/Amon/rsds/gn/v20200623/"
"853","gs://cmip6/CMIP6/ScenarioMIP/MIROC/MIROC6/ssp245/r7i1p1f1/Amon/rsds/gn/v20200623/"
"854","gs://cmip6/CMIP6/ScenarioMIP/MIROC/MIROC6/ssp585/r36i1p1f1/Amon/rsds/gn/v20200623/"
"855","gs://cmip6/CMIP6/ScenarioMIP/MIROC/MIROC6/ssp245/r9i1p1f1/Amon/rsds/gn/v20200623/"
"856","gs://cmip6/CMIP6/ScenarioMIP/MIROC/MIROC6/ssp585/r42i1p1f1/Amon/rsds/gn/v20200623/"
"857","gs://cmip6/CMIP6/ScenarioMIP/MIROC/MIROC6/ssp585/r44i1p1f1/Amon/rsds/gn/v20200623/"
"858","gs://cmip6/CMIP6/ScenarioMIP/MIROC/MIROC6/ssp585/r6i1p1f1/Amon/rsds/gn/v20200623/"
"859","gs://cmip6/CMIP6/ScenarioMIP/MIROC/MIROC6/ssp585/r5i1p1f1/Amon/rsds/gn/v20200623/"
"860","gs://cmip6/CMIP6/ScenarioMIP/MIROC/MIROC6/ssp245/r8i1p1f1/Amon/rsds/gn/v20200623/"
"861","gs://cmip6/CMIP6/ScenarioMIP/MIROC/MIROC6/ssp585/r13i1p1f1/Amon/rsds/gn/v20200623/"
"862","gs://cmip6/CMIP6/ScenarioMIP/MIROC/MIROC6/ssp585/r7i1p1f1/Amon/rsds/gn/v20200623/"
"863","gs://cmip6/CMIP6/ScenarioMIP/MIROC/MIROC6/ssp585/r27i1p1f1/Amon/rsds/gn/v20200623/"
"864","gs://cmip6/CMIP6/ScenarioMIP/MIROC/MIROC6/ssp585/r8i1p1f1/Amon/rsds/gn/v20200623/"
"865","gs://cmip6/CMIP6/ScenarioMIP/MIROC/MIROC6/ssp585/r26i1p1f1/Amon/rsds/gn/v20200623/"
"866","gs://cmip6/CMIP6/ScenarioMIP/MIROC/MIROC6/ssp585/r10i1p1f1/Amon/rsds/gn/v20200623/"
"867","gs://cmip6/CMIP6/ScenarioMIP/MIROC/MIROC6/ssp585/r11i1p1f1/Amon/rsds/gn/v20200623/"
"868","gs://cmip6/CMIP6/ScenarioMIP/MIROC/MIROC6/ssp585/r4i1p1f1/Amon/rsds/gn/v20200623/"
"869","gs://cmip6/CMIP6/ScenarioMIP/NCC/NorESM2-MM/ssp245/r2i1p1f1/Amon/rsds/gn/v20200702/"
"870","gs://cmip6/CMIP6/ScenarioMIP/NCAR/CESM2-WACCM/ssp585/r1i1p1f1/Amon/rsds/gn/v20200702/"
"871","gs://cmip6/CMIP6/ScenarioMIP/MOHC/UKESM1-0-LL/ssp126/r10i1p1f2/Amon/rsds/gn/v20200706/"
"872","gs://cmip6/CMIP6/ScenarioMIP/MOHC/UKESM1-0-LL/ssp126/r9i1p1f2/Amon/rsds/gn/v20200708/"
"873","gs://cmip6/CMIP6/ScenarioMIP/MOHC/UKESM1-0-LL/ssp126/r11i1p1f2/Amon/rsds/gn/v20200710/"
"874","gs://cmip6/CMIP6/ScenarioMIP/MOHC/UKESM1-0-LL/ssp126/r12i1p1f2/Amon/rsds/gn/v20200710/"
"875","gs://cmip6/CMIP6/ScenarioMIP/MOHC/UKESM1-0-LL/ssp126/r17i1p1f2/Amon/rsds/gn/v20200710/"
"876","gs://cmip6/CMIP6/ScenarioMIP/MOHC/UKESM1-0-LL/ssp126/r16i1p1f2/Amon/rsds/gn/v20200710/"
"877","gs://cmip6/CMIP6/ScenarioMIP/MOHC/UKESM1-0-LL/ssp126/r18i1p1f2/Amon/rsds/gn/v20200716/"
"878","gs://cmip6/CMIP6/ScenarioMIP/MOHC/UKESM1-0-LL/ssp126/r19i1p1f2/Amon/rsds/gn/v20200716/"
"879","gs://cmip6/CMIP6/ScenarioMIP/CMCC/CMCC-CM2-SR5/ssp126/r1i1p1f1/Amon/rsds/gn/v20200717/"
"880","gs://cmip6/CMIP6/CMIP/EC-Earth-Consortium/EC-Earth3/1pctCO2/r3i1p1f1/Amon/rsds/gr/v20200727/"
"881","gs://cmip6/CMIP6/ScenarioMIP/NIMS-KMA/UKESM1-0-LL/ssp245/r13i1p1f2/Amon/rsds/gn/v20200818/"
"882","gs://cmip6/CMIP6/ScenarioMIP/AS-RCEC/TaiESM1/ssp585/r1i1p1f1/Amon/rsds/gn/v20200901/"
"883","gs://cmip6/CMIP6/CMIP/CSIRO/ACCESS-ESM1-5/abrupt-4xCO2/r2i1p1f1/Amon/rsds/gn/v20200901/"
"884","gs://cmip6/CMIP6/ScenarioMIP/CCCR-IITM/IITM-ESM/ssp370/r1i1p1f1/Amon/rsds/gn/v20200915/"
"885","gs://cmip6/CMIP6/ScenarioMIP/CCCR-IITM/IITM-ESM/ssp585/r1i1p1f1/Amon/rsds/gn/v20200915/"
"886","gs://cmip6/CMIP6/ScenarioMIP/CCCR-IITM/IITM-ESM/ssp245/r1i1p1f1/Amon/rsds/gn/v20200915/"
"887","gs://cmip6/CMIP6/ScenarioMIP/MOHC/UKESM1-0-LL/ssp370/r7i1p1f2/Amon/rsds/gn/v20201009/"
"888","gs://cmip6/CMIP6/ScenarioMIP/MOHC/UKESM1-0-LL/ssp126/r6i1p1f2/Amon/rsds/gn/v20201009/"
"889","gs://cmip6/CMIP6/ScenarioMIP/MOHC/UKESM1-0-LL/ssp370/r5i1p1f2/Amon/rsds/gn/v20201009/"
"890","gs://cmip6/CMIP6/ScenarioMIP/MOHC/UKESM1-0-LL/ssp370/r6i1p1f2/Amon/rsds/gn/v20201014/"
"891","gs://cmip6/CMIP6/ScenarioMIP/AS-RCEC/TaiESM1/ssp370/r1i1p1f1/Amon/rsds/gn/v20201014/"
"892","gs://cmip6/CMIP6/ScenarioMIP/MOHC/UKESM1-0-LL/ssp126/r7i1p1f2/Amon/rsds/gn/v20201015/"
"893","gs://cmip6/CMIP6/ScenarioMIP/MOHC/UKESM1-0-LL/ssp126/r5i1p1f2/Amon/rsds/gn/v20201015/"
"894","gs://cmip6/CMIP6/ScenarioMIP/MOHC/HadGEM3-GC31-MM/ssp585/r4i1p1f3/Amon/rsds/gn/v20201026/"
"895","gs://cmip6/CMIP6/ScenarioMIP/CNRM-CERFACS/CNRM-ESM2-1/ssp245/r8i1p1f2/Amon/rsds/gr/v20201028/"
"896","gs://cmip6/CMIP6/ScenarioMIP/CNRM-CERFACS/CNRM-ESM2-1/ssp245/r6i1p1f2/Amon/rsds/gr/v20201028/"
"897","gs://cmip6/CMIP6/ScenarioMIP/CNRM-CERFACS/CNRM-ESM2-1/ssp245/r10i1p1f2/Amon/rsds/gr/v20201028/"
"898","gs://cmip6/CMIP6/ScenarioMIP/CNRM-CERFACS/CNRM-ESM2-1/ssp245/r9i1p1f2/Amon/rsds/gr/v20201028/"
"899","gs://cmip6/CMIP6/ScenarioMIP/CNRM-CERFACS/CNRM-ESM2-1/ssp245/r7i1p1f2/Amon/rsds/gr/v20201028/"
"900","gs://cmip6/CMIP6/ScenarioMIP/EC-Earth-Consortium/EC-Earth3/ssp585/r3i1p1f1/Amon/rsds/gr/v20201029/"
"901","gs://cmip6/CMIP6/ScenarioMIP/E3SM-Project/E3SM-1-1/ssp585/r1i1p1f1/Amon/rsds/gr/v20201117/"
"902","gs://cmip6/CMIP6/ScenarioMIP/AS-RCEC/TaiESM1/ssp245/r1i1p1f1/Amon/rsds/gn/v20201124/"
"903","gs://cmip6/CMIP6/ScenarioMIP/AS-RCEC/TaiESM1/ssp126/r1i1p1f1/Amon/rsds/gn/v20201124/"
"904","gs://cmip6/CMIP6/ScenarioMIP/MIROC/MIROC-ES2L/ssp126/r9i1p1f2/Amon/rsds/gn/v20201222/"
"905","gs://cmip6/CMIP6/CMIP/EC-Earth-Consortium/EC-Earth3-CC/1pctCO2/r1i1p1f1/Amon/rsds/gr/v20201229/"
"906","gs://cmip6/CMIP6/CMIP/CMCC/CMCC-ESM2/abrupt-4xCO2/r1i1p1f1/Amon/rsds/gn/v20210114/"
"907","gs://cmip6/CMIP6/CMIP/CMCC/CMCC-ESM2/1pctCO2/r1i1p1f1/Amon/rsds/gn/v20210114/"
